#2026 02 10 13:37:14.843#Z#INFO#9c54dc51-0685-11f1-a171-eeee0a8c759d.OPERATION#http-nio-0.0.0.0-8080-exec-1#
[XS2StartProcessListener] Operation ID: 9c54dc51-0685-11f1-a171-eeee0a8c759d#
#2026 02 10 13:37:14.886#Z#DEBUG#9c54dc51-0685-11f1-a171-eeee0a8c759d.OPERATION#http-nio-0.0.0.0-8080-exec-1#
[XS2StartProcessListener] Process environment: {
  "SKIP_SSL_VALIDATION" : "false",
  "FLOWABLE_JOB_EXECUTOR_MAX_THREADS" : "32",
  "VERSION" : "2.39.1",
  "BASIC_AUTH_ENABLED" : "true",
  "FLOWABLE_JOB_EXECUTOR_QUEUE_CAPACITY" : "16",
  "FLOWABLE_JOB_EXECUTOR_CORE_THREADS" : "8"
}#
#2026 02 10 13:37:14.886#Z#DEBUG#9c54dc51-0685-11f1-a171-eeee0a8c759d.OPERATION#http-nio-0.0.0.0-8080-exec-1#
[XS2StartProcessListener] Current user: augustoo.rd@gmail.com#
#2026 02 10 13:37:14.886#Z#DEBUG#9c54dc51-0685-11f1-a171-eeee0a8c759d.OPERATION#http-nio-0.0.0.0-8080-exec-1#
[XS2StartProcessListener] Client space: dev#
#2026 02 10 13:37:14.886#Z#DEBUG#9c54dc51-0685-11f1-a171-eeee0a8c759d.OPERATION#http-nio-0.0.0.0-8080-exec-1#
[XS2StartProcessListener] Client organization: 48c15575trial#
#2026 02 10 13:37:14.886#Z#INFO#9c54dc51-0685-11f1-a171-eeee0a8c759d.OPERATION#http-nio-0.0.0.0-8080-exec-1#
[XS2StartProcessListener] Process variables: {
  "abortOnError" : false,
  "mtaId" : "myApp",
  "keepFiles" : false,
  "noFailOnMissingPermissions" : false,
  "skipAppDigestCalculation" : false,
  "deleteServiceBrokers" : false,
  "appArchiveId" : "07505da6-cb6e-476c-b5e6-d7a032b8fa00",
  "deleteServiceKeys" : false,
  "noRestartSubscribedApps" : false,
  "noStart" : false,
  "deleteServices" : false
}#
#2026 02 10 13:37:14.969#Z#DEBUG#9c54dc51-0685-11f1-a171-eeee0a8c759d.OPERATION#flowable-async-job-executor-thread-5731#
[ValidateDeployParametersStep] Executing task "validateParametersTask" of process "9c54dc73-0685-11f1-a171-eeee0a8c759d"...#
#2026 02 10 13:37:14.969#Z#DEBUG#9c54dc51-0685-11f1-a171-eeee0a8c759d.OPERATION#flowable-async-job-executor-thread-5731#
[ValidateDeployParametersStep] Validating parameters...#
#2026 02 10 13:37:14.971#Z#INFO#9c54dc51-0685-11f1-a171-eeee0a8c759d.OPERATION#flowable-async-job-executor-thread-5731#
[ValidateDeployParametersStep] Size of mtars is 5,571,262 and size of extension descriptors is 0#
#2026 02 10 13:37:14.997#Z#INFO#9c54dc51-0685-11f1-a171-eeee0a8c759d.OPERATION#flowable-async-job-executor-thread-5731#
[ValidateDeployParametersStep] Archive was not split! Total size in bytes: 5,571,262#
#2026 02 10 13:37:14.997#Z#INFO#9c54dc51-0685-11f1-a171-eeee0a8c759d.OPERATION#flowable-async-job-executor-thread-5731#
[ValidateDeployParametersStep] Deploying in org "48c15575trial" and space "dev"#
#2026 02 10 13:37:15.018#Z#DEBUG#9c54dc51-0685-11f1-a171-eeee0a8c759d.OPERATION#flowable-async-job-executor-thread-5731#
[ValidateDeployParametersStep] Parameters validated#
#2026 02 10 13:37:15.018#Z#DEBUG#9c54dc51-0685-11f1-a171-eeee0a8c759d.OPERATION#flowable-async-job-executor-thread-5731#
Step "Validate Parameters" finished#
#2026 02 10 13:37:15.069#Z#DEBUG#9c54dc51-0685-11f1-a171-eeee0a8c759d.OPERATION#flowable-async-job-executor-thread-5732#
[DeleteRemainingFileParts] Executing task "deleteRemainingFileParts" of process "9c54dc73-0685-11f1-a171-eeee0a8c759d"...#
#2026 02 10 13:37:15.070#Z#DEBUG#9c54dc51-0685-11f1-a171-eeee0a8c759d.OPERATION#flowable-async-job-executor-thread-5732#
Step "Delete Remaining File Parts" finished#
#2026 02 10 13:37:15.116#Z#DEBUG#9c54dc51-0685-11f1-a171-eeee0a8c759d.OPERATION#flowable-async-job-executor-thread-5733#
[XS2ProcessMtaArchiveStep] Executing task "processArchiveTask" of process "9c54dc73-0685-11f1-a171-eeee0a8c759d"...#
#2026 02 10 13:37:15.118#Z#DEBUG#9c54dc51-0685-11f1-a171-eeee0a8c759d.OPERATION#flowable-async-job-executor-thread-5733#
[XS2ProcessMtaArchiveStep] Processing MTA archive...#
#2026 02 10 13:37:15.118#Z#DEBUG#9c54dc51-0685-11f1-a171-eeee0a8c759d.OPERATION#flowable-async-job-executor-thread-5733#
[XS2ProcessMtaArchiveStep] MTA Archive ID: 07505da6-cb6e-476c-b5e6-d7a032b8fa00#
#2026 02 10 13:37:15.358#Z#DEBUG#9c54dc51-0685-11f1-a171-eeee0a8c759d.OPERATION#flowable-async-job-executor-thread-5733#
[XS2ProcessMtaArchiveStep] MTA Descriptor length: 1,105#
#2026 02 10 13:37:15.358#Z#DEBUG#9c54dc51-0685-11f1-a171-eeee0a8c759d.OPERATION#flowable-async-job-executor-thread-5733#
[XS2ProcessMtaArchiveStep] MTA Archive Modules: [myApp-db-deployer, myApp-srv]#
#2026 02 10 13:37:15.358#Z#DEBUG#9c54dc51-0685-11f1-a171-eeee0a8c759d.OPERATION#flowable-async-job-executor-thread-5733#
[XS2ProcessMtaArchiveStep] MTA Archive Requires: []#
#2026 02 10 13:37:15.358#Z#DEBUG#9c54dc51-0685-11f1-a171-eeee0a8c759d.OPERATION#flowable-async-job-executor-thread-5733#
[XS2ProcessMtaArchiveStep] MTA Archive Resources: [myApp-auth]#
#2026 02 10 13:37:15.376#Z#DEBUG#9c54dc51-0685-11f1-a171-eeee0a8c759d.OPERATION#flowable-async-job-executor-thread-5733#
[XS2ProcessMtaArchiveStep] MTA archive processed#
#2026 02 10 13:37:15.376#Z#DEBUG#9c54dc51-0685-11f1-a171-eeee0a8c759d.OPERATION#flowable-async-job-executor-thread-5733#
Step "Process Archive" finished#
#2026 02 10 13:37:15.437#Z#DEBUG#9c54dc51-0685-11f1-a171-eeee0a8c759d.OPERATION#flowable-async-job-executor-thread-5734#
[ProcessMtaExtensionDescriptorsStep] Executing task "processExtensionDescriptorsTask" of process "9c54dc73-0685-11f1-a171-eeee0a8c759d"...#
#2026 02 10 13:37:15.438#Z#DEBUG#9c54dc51-0685-11f1-a171-eeee0a8c759d.OPERATION#flowable-async-job-executor-thread-5734#
[ProcessMtaExtensionDescriptorsStep] Processing MTA extension descriptors...#
#2026 02 10 13:37:15.439#Z#DEBUG#9c54dc51-0685-11f1-a171-eeee0a8c759d.OPERATION#flowable-async-job-executor-thread-5734#
[ProcessMtaExtensionDescriptorsStep] Provided extension descriptors: [ ]#
#2026 02 10 13:37:15.439#Z#DEBUG#9c54dc51-0685-11f1-a171-eeee0a8c759d.OPERATION#flowable-async-job-executor-thread-5734#
[ProcessMtaExtensionDescriptorsStep] No extension descriptors in use#
#2026 02 10 13:37:15.439#Z#DEBUG#9c54dc51-0685-11f1-a171-eeee0a8c759d.OPERATION#flowable-async-job-executor-thread-5734#
[ProcessMtaExtensionDescriptorsStep] MTA extension descriptors processed#
#2026 02 10 13:37:15.439#Z#DEBUG#9c54dc51-0685-11f1-a171-eeee0a8c759d.OPERATION#flowable-async-job-executor-thread-5734#
Step "Process Extension Descriptors" finished#
#2026 02 10 13:37:15.497#Z#DEBUG#9c54dc51-0685-11f1-a171-eeee0a8c759d.OPERATION#flowable-async-job-executor-thread-5735#
[DetectMtaSchemaVersionStep] Executing task "detectSchemaVersionTask" of process "9c54dc73-0685-11f1-a171-eeee0a8c759d"...#
#2026 02 10 13:37:15.499#Z#DEBUG#9c54dc51-0685-11f1-a171-eeee0a8c759d.OPERATION#flowable-async-job-executor-thread-5735#
[DetectMtaSchemaVersionStep] Detecting MTA major schema version...#
#2026 02 10 13:37:15.501#Z#INFO#9c54dc51-0685-11f1-a171-eeee0a8c759d.OPERATION#flowable-async-job-executor-thread-5735#
[DetectMtaSchemaVersionStep] Detected MTA schema version: "3"#
#2026 02 10 13:37:15.510#Z#DEBUG#9c54dc51-0685-11f1-a171-eeee0a8c759d.OPERATION#flowable-async-job-executor-thread-5735#
Step "Detect Schema Version" finished#
#2026 02 10 13:37:15.562#Z#DEBUG#9c54dc51-0685-11f1-a171-eeee0a8c759d.OPERATION#flowable-async-job-executor-thread-5736#
[MergeDescriptorsStep] Executing task "mergeDescriptorsTask" of process "9c54dc73-0685-11f1-a171-eeee0a8c759d"...#
#2026 02 10 13:37:15.564#Z#DEBUG#9c54dc51-0685-11f1-a171-eeee0a8c759d.OPERATION#flowable-async-job-executor-thread-5736#
[MergeDescriptorsStep] Validating and merging descriptors...#
#2026 02 10 13:37:15.566#Z#DEBUG#9c54dc51-0685-11f1-a171-eeee0a8c759d.OPERATION#flowable-async-job-executor-thread-5736#
[MergeDescriptorsStep] Merged deployment descriptor: {
  "majorSchemaVersion" : 3,
  "schemaVersion" : "3.3.0",
  "id" : "myApp",
  "version" : "1.0.0",
  "modules" : [ {
    "majorSchemaVersion" : 3,
    "name" : "myApp-srv",
    "type" : "javascript.nodejs",
    "path" : "myApp-srv",
    "properties" : { },
    "parameters" : {
      "buildpack" : "nodejs_buildpack",
      "instances" : 1
    },
    "requiredDependencies" : [ {
      "majorSchemaVersion" : 3,
      "name" : "********",
      "properties" : { },
      "parameters" : { },
      "propertiesMetadata" : {
        "metadata" : { }
      },
      "parametersMetadata" : {
        "metadata" : { }
      }
    }, {
      "majorSchemaVersion" : 3,
      "name" : "myApp-db",
      "properties" : { },
      "parameters" : { },
      "propertiesMetadata" : {
        "metadata" : { }
      },
      "parametersMetadata" : {
        "metadata" : { }
      }
    } ],
    "providedDependencies" : [ {
      "majorSchemaVersion" : 3,
      "name" : "srv-api",
      "isPublic" : false,
      "properties" : {
        "srv-url" : "${default-url}"
      },
      "parameters" : { },
      "propertiesMetadata" : {
        "metadata" : { }
      },
      "parametersMetadata" : {
        "metadata" : { }
      }
    }, {
      "majorSchemaVersion" : 3,
      "name" : "myApp-srv",
      "isPublic" : false,
      "properties" : { },
      "parameters" : { },
      "propertiesMetadata" : {
        "metadata" : { }
      },
      "parametersMetadata" : {
        "metadata" : { }
      }
    } ],
    "propertiesMetadata" : {
      "metadata" : { }
    },
    "parametersMetadata" : {
      "metadata" : { }
    },
    "hooks" : [ ]
  }, {
    "majorSchemaVersion" : 3,
    "name" : "myApp-db-deployer",
    "type" : "com.sap.xs.hdi",
    "path" : "myApp-db-deployer",
    "properties" : {
      "EXIT" : 1
    },
    "parameters" : {
      "memory" : "256M",
      "no-route" : true,
      "dependency-type" : "hard",
      "buildpack" : "nodejs_buildpack",
      "tasks" : [ {
        "name" : "deploy",
        "memory" : "256M",
        "command" : "npm start"
      } ],
      "no-start" : true
    },
    "requiredDependencies" : [ {
      "majorSchemaVersion" : 3,
      "name" : "myApp-db",
      "properties" : { },
      "parameters" : { },
      "propertiesMetadata" : {
        "metadata" : { }
      },
      "parametersMetadata" : {
        "metadata" : { }
      }
    } ],
    "providedDependencies" : [ {
      "majorSchemaVersion" : 3,
      "name" : "myApp-db-deployer",
      "isPublic" : false,
      "properties" : { },
      "parameters" : { },
      "propertiesMetadata" : {
        "metadata" : { }
      },
      "parametersMetadata" : {
        "metadata" : { }
      }
    } ],
    "propertiesMetadata" : {
      "metadata" : { }
    },
    "parametersMetadata" : {
      "metadata" : { }
    },
    "hooks" : [ ]
  } ],
  "resources" : [ {
    "majorSchemaVersion" : 3,
    "name" : "********",
    "type" : "org.cloudfoundry.managed-service",
    "properties" : { },
    "parameters" : {
      "path" : "./xs-security.json",
      "service-plan" : "application",
      "type" : "managed-service",
      "config" : {
        "oauth2-configuration" : "********",
        "tenant-mode" : "dedicated",
        "xsappname" : "myApp-${org}-${space}"
      },
      "service" : "xsuaa"
    },
    "isActive" : true,
    "isOptional" : false,
    "propertiesMetadata" : {
      "metadata" : { }
    },
    "parametersMetadata" : {
      "metadata" : { }
    },
    "requiredDependencies" : [ ],
    "processedAfter" : [ ]
  }, {
    "majorSchemaVersion" : 3,
    "name" : "myApp-db",
    "type" : "com.sap.xs.hdi-container",
    "properties" : { },
    "parameters" : {
      "service-plan" : "hdi-shared",
      "type" : "managed-service",
      "service" : "hana"
    },
    "isActive" : true,
    "isOptional" : false,
    "propertiesMetadata" : {
      "metadata" : { }
    },
    "parametersMetadata" : {
      "metadata" : { }
    },
    "requiredDependencies" : [ ],
    "processedAfter" : [ ]
  } ],
  "parameters" : {
    "enable-parallel-deployments" : true
  },
  "parametersMetadata" : {
    "metadata" : { }
  }
}#
#2026 02 10 13:37:15.568#Z#DEBUG#9c54dc51-0685-11f1-a171-eeee0a8c759d.OPERATION#flowable-async-job-executor-thread-5736#
[MergeDescriptorsStep] Descriptors validated and merged#
#2026 02 10 13:37:15.568#Z#DEBUG#9c54dc51-0685-11f1-a171-eeee0a8c759d.OPERATION#flowable-async-job-executor-thread-5736#
Step "Merge Descriptors" finished#
#2026 02 10 13:37:15.618#Z#DEBUG#9c54dc51-0685-11f1-a171-eeee0a8c759d.OPERATION#flowable-async-job-executor-thread-5737#
[DetectDeployedMtaStep] Executing task "detectDeployedMtaTask" of process "9c54dc73-0685-11f1-a171-eeee0a8c759d"...#
#2026 02 10 13:37:15.619#Z#DEBUG#9c54dc51-0685-11f1-a171-eeee0a8c759d.OPERATION#flowable-async-job-executor-thread-5737#
[DetectDeployedMtaStep] Detecting deployed MTA...#
#2026 02 10 13:37:15.697#Z#DEBUG#9c54dc51-0685-11f1-a171-eeee0a8c759d.OPERATION#flowable-async-job-executor-thread-5737#
[DetectDeployedMtaStep] Detecting MTA by id myApp and namespace null#
#2026 02 10 13:37:15.697#Z#DEBUG#9c54dc51-0685-11f1-a171-eeee0a8c759d.OPERATION#flowable-async-job-executor-thread-5737#
[DetectDeployedMtaStep] Getting applications by metadata label selector "mta_id=daa60df2f8080505402d0ce37fbfcff0,!mta_namespace"...#
#2026 02 10 13:37:15.748#Z#DEBUG#9c54dc51-0685-11f1-a171-eeee0a8c759d.OPERATION#flowable-async-job-executor-thread-5737#
[DetectDeployedMtaStep] Getting service instances by metadata label selector "mta_id=daa60df2f8080505402d0ce37fbfcff0,!mta_namespace"...#
#2026 02 10 13:37:15.875#Z#DEBUG#9c54dc51-0685-11f1-a171-eeee0a8c759d.OPERATION#flowable-async-job-executor-thread-5737#
[DetectDeployedMtaStep] Deployed MTA: {
  "metadata" : {
    "id" : "myApp",
    "version" : "1.0.0"
  },
  "applications" : [ {
    "name" : "myApp-db-deployer",
    "metadata" : {
      "guid" : "ce463262-9d5c-4a3c-bfdb-253d84578892",
      "createdAt" : [ 2026, 2, 6, 20, 29, 57 ],
      "updatedAt" : [ 2026, 2, 10, 2, 48, 4 ]
    },
    "v3Metadata" : {
      "annotations" : {
        "mta_module" : "{\"name\":\"myApp-db-deployer\"}",
        "mta_module_provided_dependencies" : "[]",
        "mta_id" : "myApp",
        "mta_version" : "1.0.0",
        "mta_bound_services" : "[\"myApp-db\"]"
      },
      "labels" : {
        "mta_id" : "daa60df2f8080505402d0ce37fbfcff0"
      }
    },
    "state" : "STOPPED",
    "lifecycle" : {
      "type" : "BUILDPACK",
      "data" : {
        "buildpacks" : [ "nodejs_buildpack" ],
        "stack" : "cflinuxfs4"
      }
    },
    "space" : {
      "name" : "dev",
      "metadata" : {
        "guid" : "bdc633a2-72ca-4eb6-ab22-0458c65cc06d",
        "createdAt" : [ 2026, 1, 3, 18, 44, 49 ],
        "updatedAt" : [ 2026, 1, 28, 18, 37, 59 ]
      },
      "organization" : {
        "name" : "48c15575trial",
        "metadata" : {
          "guid" : "3f90f8ce-816d-4c7e-aacf-5df8bdae9e0b",
          "createdAt" : [ 2026, 1, 3, 18, 44, 48 ],
          "updatedAt" : [ 2026, 2, 6, 19, 39, 21 ]
        }
      }
    },
    "moduleName" : "myApp-db-deployer",
    "boundMtaServices" : [ "myApp-db" ],
    "providedDependencyNames" : [ ],
    "productizationState" : "LIVE"
  }, {
    "name" : "myApp-srv",
    "metadata" : {
      "guid" : "12e5d8b8-5d2c-4293-b171-bcc032152fdf",
      "createdAt" : [ 2026, 2, 6, 20, 29, 58 ],
      "updatedAt" : [ 2026, 2, 10, 2, 48, 24 ]
    },
    "v3Metadata" : {
      "annotations" : {
        "mta_id" : "myApp",
        "mta_version" : "1.0.0",
        "mta_module" : "{\"name\":\"myApp-srv\"}",
        "mta_module_provided_dependencies" : "[]",
        "mta_bound_services" : "********"
      },
      "labels" : {
        "mta_id" : "daa60df2f8080505402d0ce37fbfcff0"
      }
    },
    "state" : "STARTED",
    "lifecycle" : {
      "type" : "BUILDPACK",
      "data" : {
        "buildpacks" : [ "nodejs_buildpack" ],
        "stack" : "cflinuxfs4"
      }
    },
    "space" : {
      "name" : "dev",
      "metadata" : {
        "guid" : "bdc633a2-72ca-4eb6-ab22-0458c65cc06d",
        "createdAt" : [ 2026, 1, 3, 18, 44, 49 ],
        "updatedAt" : [ 2026, 1, 28, 18, 37, 59 ]
      },
      "organization" : {
        "name" : "48c15575trial",
        "metadata" : {
          "guid" : "3f90f8ce-816d-4c7e-aacf-5df8bdae9e0b",
          "createdAt" : [ 2026, 1, 3, 18, 44, 48 ],
          "updatedAt" : [ 2026, 2, 6, 19, 39, 21 ]
        }
      }
    },
    "moduleName" : "myApp-srv",
    "boundMtaServices" : [ "********", "myApp-db" ],
    "providedDependencyNames" : [ ],
    "productizationState" : "LIVE"
  } ],
  "services" : [ {
    "name" : "********",
    "metadata" : {
      "guid" : "ed5a9a7b-227e-484e-b2d5-f9b50232e6d7",
      "createdAt" : [ 2026, 2, 6, 20, 29, 40 ],
      "updatedAt" : [ 2026, 2, 6, 20, 29, 40 ]
    },
    "v3Metadata" : {
      "annotations" : {
        "mta_id" : "myApp",
        "mta_version" : "1.0.0",
        "mta_resource" : "********"
      },
      "labels" : {
        "mta_id" : "daa60df2f8080505402d0ce37fbfcff0"
      }
    },
    "label" : "xsuaa",
    "plan" : "application",
    "credentials" : "********",
    "tags" : [ ],
    "type" : "managed",
    "lastOperation" : {
      "type" : "UPDATE",
      "description" : "",
      "state" : "SUCCEEDED"
    },
    "resourceName" : "********"
  }, {
    "name" : "myApp-db",
    "metadata" : {
      "guid" : "a85aa41a-022a-4666-8237-a045628e0070",
      "createdAt" : [ 2026, 2, 6, 20, 29, 39 ],
      "updatedAt" : [ 2026, 2, 6, 20, 29, 40 ]
    },
    "v3Metadata" : {
      "annotations" : {
        "mta_id" : "myApp",
        "mta_version" : "1.0.0",
        "mta_resource" : "{\"name\":\"myApp-db\"}"
      },
      "labels" : {
        "mta_id" : "daa60df2f8080505402d0ce37fbfcff0"
      }
    },
    "label" : "hana",
    "plan" : "hdi-shared",
    "credentials" : "********",
    "tags" : [ ],
    "type" : "managed",
    "lastOperation" : {
      "type" : "CREATE",
      "state" : "SUCCEEDED"
    },
    "resourceName" : "myApp-db"
  } ]
}#
#2026 02 10 13:37:15.875#Z#INFO#9c54dc51-0685-11f1-a171-eeee0a8c759d.OPERATION#flowable-async-job-executor-thread-5737#
[DetectDeployedMtaStep] Detected deployed MTA with ID "myApp" and version "1.0.0"#
#2026 02 10 13:37:15.887#Z#DEBUG#9c54dc51-0685-11f1-a171-eeee0a8c759d.OPERATION#flowable-async-job-executor-thread-5737#
[DetectDeployedMtaStep] Detecting backup mta by id "myApp" and namespace "null"#
#2026 02 10 13:37:15.887#Z#DEBUG#9c54dc51-0685-11f1-a171-eeee0a8c759d.OPERATION#flowable-async-job-executor-thread-5737#
[DetectDeployedMtaStep] Getting applications by metadata label selector "mta_id=daa60df2f8080505402d0ce37fbfcff0,mta_namespace=b698114a0995e936895b9598a6c19a2c"...#
#2026 02 10 13:37:15.920#Z#DEBUG#9c54dc51-0685-11f1-a171-eeee0a8c759d.OPERATION#flowable-async-job-executor-thread-5737#
[DetectDeployedMtaStep] Getting service instances by metadata label selector "mta_id=daa60df2f8080505402d0ce37fbfcff0,mta_namespace=b698114a0995e936895b9598a6c19a2c"...#
#2026 02 10 13:37:15.981#Z#DEBUG#9c54dc51-0685-11f1-a171-eeee0a8c759d.OPERATION#flowable-async-job-executor-thread-5737#
[DetectDeployedMtaStep] Deployed MTA service keys: [ ]#
#2026 02 10 13:37:15.981#Z#DEBUG#9c54dc51-0685-11f1-a171-eeee0a8c759d.OPERATION#flowable-async-job-executor-thread-5737#
Step "Detect Deployed MTA" finished#
#2026 02 10 13:37:16.037#Z#DEBUG#9c54dc51-0685-11f1-a171-eeee0a8c759d.OPERATION#flowable-async-job-executor-thread-5738#
[XS2CollectSystemParametersStep] Executing task "collectSystemParametersTask" of process "9c54dc73-0685-11f1-a171-eeee0a8c759d"...#
#2026 02 10 13:37:16.038#Z#DEBUG#9c54dc51-0685-11f1-a171-eeee0a8c759d.OPERATION#flowable-async-job-executor-thread-5738#
[XS2CollectSystemParametersStep] Collecting system parameters...#
#2026 02 10 13:37:16.038#Z#DEBUG#9c54dc51-0685-11f1-a171-eeee0a8c759d.OPERATION#flowable-async-job-executor-thread-5738#
[XS2CollectSystemParametersStep] Getting default domain...#
#2026 02 10 13:37:16.067#Z#DEBUG#9c54dc51-0685-11f1-a171-eeee0a8c759d.OPERATION#flowable-async-job-executor-thread-5738#
[XS2CollectSystemParametersStep] Default domain: cfapps.ap21.hana.ondemand.com#
#2026 02 10 13:37:16.067#Z#DEBUG#9c54dc51-0685-11f1-a171-eeee0a8c759d.OPERATION#flowable-async-job-executor-thread-5738#
[XS2CollectSystemParametersStep] Checking for overwriting read-only parameters for mta with id: "myApp"#
#2026 02 10 13:37:16.067#Z#DEBUG#9c54dc51-0685-11f1-a171-eeee0a8c759d.OPERATION#flowable-async-job-executor-thread-5738#
[XS2CollectSystemParametersStep] No read-only parameters are overwritten#
#2026 02 10 13:37:16.080#Z#DEBUG#9c54dc51-0685-11f1-a171-eeee0a8c759d.OPERATION#flowable-async-job-executor-thread-5738#
[XS2CollectSystemParametersStep] Descriptor with system parameters: {
  "majorSchemaVersion" : 3,
  "schemaVersion" : "3.3.0",
  "id" : "myApp",
  "version" : "1.0.0",
  "modules" : [ {
    "majorSchemaVersion" : 3,
    "name" : "myApp-srv",
    "type" : "javascript.nodejs",
    "path" : "myApp-srv",
    "properties" : { },
    "parameters" : {
      "default-url" : "${protocol}://${default-uri}",
      "default-app-name" : "myApp-srv",
      "generated-password" : "********",
      "default-live-url" : "${protocol}://${default-live-uri}",
      "default-uri" : "${host}.${domain}",
      "default-instances" : 1,
      "default-live-host" : "48c15575trial-dev-myapp-srv",
      "instances" : 1,
      "buildpack" : "nodejs_buildpack",
      "default-host" : "48c15575trial-dev-myapp-srv",
      "app-name" : "${default-app-name}",
      "default-live-uri" : "48c15575trial-dev-myapp-srv.${domain}",
      "protocol" : "https",
      "default-live-app-name" : "myApp-srv",
      "default-live-domain" : "cfapps.ap21.hana.ondemand.com",
      "domain" : "${default-domain}",
      "host" : "${default-host}",
      "generated-user" : "********"
    },
    "requiredDependencies" : [ {
      "majorSchemaVersion" : 3,
      "name" : "********",
      "properties" : { },
      "parameters" : { },
      "propertiesMetadata" : {
        "metadata" : { }
      },
      "parametersMetadata" : {
        "metadata" : { }
      }
    }, {
      "majorSchemaVersion" : 3,
      "name" : "myApp-db",
      "properties" : { },
      "parameters" : { },
      "propertiesMetadata" : {
        "metadata" : { }
      },
      "parametersMetadata" : {
        "metadata" : { }
      }
    } ],
    "providedDependencies" : [ {
      "majorSchemaVersion" : 3,
      "name" : "srv-api",
      "isPublic" : false,
      "properties" : {
        "srv-url" : "${default-url}"
      },
      "parameters" : { },
      "propertiesMetadata" : {
        "metadata" : { }
      },
      "parametersMetadata" : {
        "metadata" : { }
      }
    }, {
      "majorSchemaVersion" : 3,
      "name" : "myApp-srv",
      "isPublic" : false,
      "properties" : { },
      "parameters" : { },
      "propertiesMetadata" : {
        "metadata" : { }
      },
      "parametersMetadata" : {
        "metadata" : { }
      }
    } ],
    "propertiesMetadata" : {
      "metadata" : { }
    },
    "parametersMetadata" : {
      "metadata" : { }
    },
    "hooks" : [ ]
  }, {
    "majorSchemaVersion" : 3,
    "name" : "myApp-db-deployer",
    "type" : "com.sap.xs.hdi",
    "path" : "myApp-db-deployer",
    "properties" : {
      "EXIT" : 1
    },
    "parameters" : {
      "default-url" : "${protocol}://${default-uri}",
      "default-app-name" : "myApp-db-deployer",
      "generated-password" : "********",
      "default-live-url" : "${protocol}://${default-live-uri}",
      "default-uri" : "${host}.${domain}",
      "memory" : "256M",
      "default-instances" : 1,
      "no-route" : true,
      "default-live-host" : "48c15575trial-dev-myapp-db-deployer",
      "instances" : "${default-instances}",
      "buildpack" : "nodejs_buildpack",
      "default-host" : "48c15575trial-dev-myapp-db-deployer",
      "app-name" : "${default-app-name}",
      "default-live-uri" : "48c15575trial-dev-myapp-db-deployer.${domain}",
      "protocol" : "https",
      "default-live-app-name" : "myApp-db-deployer",
      "default-live-domain" : "cfapps.ap21.hana.ondemand.com",
      "dependency-type" : "hard",
      "domain" : "${default-domain}",
      "host" : "${default-host}",
      "generated-user" : "********",
      "tasks" : [ {
        "name" : "deploy",
        "memory" : "256M",
        "command" : "npm start"
      } ],
      "no-start" : true
    },
    "requiredDependencies" : [ {
      "majorSchemaVersion" : 3,
      "name" : "myApp-db",
      "properties" : { },
      "parameters" : { },
      "propertiesMetadata" : {
        "metadata" : { }
      },
      "parametersMetadata" : {
        "metadata" : { }
      }
    } ],
    "providedDependencies" : [ {
      "majorSchemaVersion" : 3,
      "name" : "myApp-db-deployer",
      "isPublic" : false,
      "properties" : { },
      "parameters" : { },
      "propertiesMetadata" : {
        "metadata" : { }
      },
      "parametersMetadata" : {
        "metadata" : { }
      }
    } ],
    "propertiesMetadata" : {
      "metadata" : { }
    },
    "parametersMetadata" : {
      "metadata" : { }
    },
    "hooks" : [ ]
  } ],
  "resources" : [ {
    "majorSchemaVersion" : 3,
    "name" : "********",
    "type" : "org.cloudfoundry.managed-service",
    "properties" : { },
    "parameters" : {
      "generated-password" : "********",
      "path" : "./xs-security.json",
      "service-name" : "${default-service-name}",
      "service-plan" : "application",
      "service" : "xsuaa",
      "generated-user" : "********",
      "default-xsappname" : "********",
      "type" : "managed-service",
      "config" : {
        "oauth2-configuration" : "********",
        "tenant-mode" : "dedicated",
        "xsappname" : "myApp-${org}-${space}"
      },
      "default-service-name" : "********",
      "default-container-name" : "********"
    },
    "isActive" : true,
    "isOptional" : false,
    "propertiesMetadata" : {
      "metadata" : { }
    },
    "parametersMetadata" : {
      "metadata" : { }
    },
    "requiredDependencies" : [ ],
    "processedAfter" : [ ]
  }, {
    "majorSchemaVersion" : 3,
    "name" : "myApp-db",
    "type" : "com.sap.xs.hdi-container",
    "properties" : { },
    "parameters" : {
      "generated-password" : "********",
      "service-name" : "${default-service-name}",
      "service-plan" : "hdi-shared",
      "service" : "hana",
      "generated-user" : "********",
      "default-xsappname" : "myApp-db",
      "type" : "managed-service",
      "default-service-name" : "myApp-db",
      "default-container-name" : "48C15575TRIAL_DEV_MYAPP_DB"
    },
    "isActive" : true,
    "isOptional" : false,
    "propertiesMetadata" : {
      "metadata" : { }
    },
    "parametersMetadata" : {
      "metadata" : { }
    },
    "requiredDependencies" : [ ],
    "processedAfter" : [ ]
  } ],
  "parameters" : {
    "mta-id" : "myApp",
    "authorization-url" : "********",
    "org-guid" : "3f90f8ce-816d-4c7e-aacf-5df8bdae9e0b",
    "org" : "48c15575trial",
    "deploy-target" : "48c15575trial dev",
    "enable-parallel-deployments" : true,
    "space" : "dev",
    "xs-api-url" : "https://api.cf.ap21.hana.ondemand.com",
    "deploy-url" : "deploy-service.cfapps.ap21.hana.ondemand.com",
    "xs-type" : "CF",
    "default-domain" : "cfapps.ap21.hana.ondemand.com",
    "mta-version" : "1.0.0",
    "xs-auth-url" : "********",
    "space-guid" : "bdc633a2-72ca-4eb6-ab22-0458c65cc06d",
    "user" : "********",
    "controller-url" : "https://api.cf.ap21.hana.ondemand.com",
    "timestamp" : "20260210133714"
  },
  "parametersMetadata" : {
    "metadata" : { }
  }
}#
#2026 02 10 13:37:16.083#Z#DEBUG#9c54dc51-0685-11f1-a171-eeee0a8c759d.OPERATION#flowable-async-job-executor-thread-5738#
[XS2CollectSystemParametersStep] Version rule: SAME_HIGHER#
#2026 02 10 13:37:16.083#Z#INFO#9c54dc51-0685-11f1-a171-eeee0a8c759d.OPERATION#flowable-async-job-executor-thread-5738#
[XS2CollectSystemParametersStep] Detected new MTA version: "1.0.0"#
#2026 02 10 13:37:16.092#Z#INFO#9c54dc51-0685-11f1-a171-eeee0a8c759d.OPERATION#flowable-async-job-executor-thread-5738#
[XS2CollectSystemParametersStep] Deployed MTA version: "1.0.0"#
#2026 02 10 13:37:16.103#Z#DEBUG#9c54dc51-0685-11f1-a171-eeee0a8c759d.OPERATION#flowable-async-job-executor-thread-5738#
[XS2CollectSystemParametersStep] MTA accepted for deployment#
#2026 02 10 13:37:16.103#Z#DEBUG#9c54dc51-0685-11f1-a171-eeee0a8c759d.OPERATION#flowable-async-job-executor-thread-5738#
[XS2CollectSystemParametersStep] System parameters collected#
#2026 02 10 13:37:16.103#Z#DEBUG#9c54dc51-0685-11f1-a171-eeee0a8c759d.OPERATION#flowable-async-job-executor-thread-5738#
Step "Collect System Parameters" finished#
#2026 02 10 13:37:16.160#Z#DEBUG#9c54dc51-0685-11f1-a171-eeee0a8c759d.OPERATION#flowable-async-job-executor-thread-5731#
[ProcessDescriptorStep] Executing task "processDescriptorTask" of process "9c54dc73-0685-11f1-a171-eeee0a8c759d"...#
#2026 02 10 13:37:16.161#Z#DEBUG#9c54dc51-0685-11f1-a171-eeee0a8c759d.OPERATION#flowable-async-job-executor-thread-5731#
[ProcessDescriptorStep] Resolving properties and parameters in merged descriptor...#
#2026 02 10 13:37:16.165#Z#DEBUG#9c54dc51-0685-11f1-a171-eeee0a8c759d.OPERATION#flowable-async-job-executor-thread-5731#
[ProcessDescriptorStep] Subscriptions: [ ]#
#2026 02 10 13:37:16.166#Z#DEBUG#9c54dc51-0685-11f1-a171-eeee0a8c759d.OPERATION#flowable-async-job-executor-thread-5731#
[ProcessDescriptorStep] MTA modules: [myApp-db-deployer, myApp-srv]#
#2026 02 10 13:37:16.167#Z#DEBUG#9c54dc51-0685-11f1-a171-eeee0a8c759d.OPERATION#flowable-async-job-executor-thread-5731#
[ProcessDescriptorStep] Resolved deployment descriptor: {
  "majorSchemaVersion" : 3,
  "schemaVersion" : "3.3.0",
  "id" : "myApp",
  "version" : "1.0.0",
  "modules" : [ {
    "majorSchemaVersion" : 3,
    "name" : "myApp-srv",
    "type" : "javascript.nodejs",
    "path" : "myApp-srv",
    "properties" : { },
    "parameters" : {
      "default-url" : "https://48c15575trial-dev-myapp-srv.cfapps.ap21.hana.ondemand.com",
      "default-app-name" : "myApp-srv",
      "generated-password" : "********",
      "default-live-url" : "https://48c15575trial-dev-myapp-srv.cfapps.ap21.hana.ondemand.com",
      "default-uri" : "48c15575trial-dev-myapp-srv.cfapps.ap21.hana.ondemand.com",
      "default-instances" : 1,
      "default-live-host" : "48c15575trial-dev-myapp-srv",
      "instances" : 1,
      "buildpack" : "nodejs_buildpack",
      "default-host" : "48c15575trial-dev-myapp-srv",
      "app-name" : "myApp-srv",
      "default-live-uri" : "48c15575trial-dev-myapp-srv.cfapps.ap21.hana.ondemand.com",
      "protocol" : "https",
      "default-live-app-name" : "myApp-srv",
      "default-live-domain" : "cfapps.ap21.hana.ondemand.com",
      "domain" : "cfapps.ap21.hana.ondemand.com",
      "host" : "48c15575trial-dev-myapp-srv",
      "generated-user" : "********"
    },
    "requiredDependencies" : [ {
      "majorSchemaVersion" : 3,
      "name" : "********",
      "properties" : { },
      "parameters" : { },
      "propertiesMetadata" : {
        "metadata" : { }
      },
      "parametersMetadata" : {
        "metadata" : { }
      }
    }, {
      "majorSchemaVersion" : 3,
      "name" : "myApp-db",
      "properties" : { },
      "parameters" : { },
      "propertiesMetadata" : {
        "metadata" : { }
      },
      "parametersMetadata" : {
        "metadata" : { }
      }
    } ],
    "providedDependencies" : [ {
      "majorSchemaVersion" : 3,
      "name" : "srv-api",
      "isPublic" : false,
      "properties" : {
        "srv-url" : "https://48c15575trial-dev-myapp-srv.cfapps.ap21.hana.ondemand.com"
      },
      "parameters" : { },
      "propertiesMetadata" : {
        "metadata" : { }
      },
      "parametersMetadata" : {
        "metadata" : { }
      }
    }, {
      "majorSchemaVersion" : 3,
      "name" : "myApp-srv",
      "isPublic" : false,
      "properties" : { },
      "parameters" : { },
      "propertiesMetadata" : {
        "metadata" : { }
      },
      "parametersMetadata" : {
        "metadata" : { }
      }
    } ],
    "propertiesMetadata" : {
      "metadata" : { }
    },
    "parametersMetadata" : {
      "metadata" : { }
    },
    "hooks" : [ ]
  }, {
    "majorSchemaVersion" : 3,
    "name" : "myApp-db-deployer",
    "type" : "com.sap.xs.hdi",
    "path" : "myApp-db-deployer",
    "properties" : {
      "EXIT" : 1
    },
    "parameters" : {
      "default-url" : "https://48c15575trial-dev-myapp-db-deployer.cfapps.ap21.hana.ondemand.com",
      "default-app-name" : "myApp-db-deployer",
      "generated-password" : "********",
      "default-live-url" : "https://48c15575trial-dev-myapp-db-deployer.cfapps.ap21.hana.ondemand.com",
      "default-uri" : "48c15575trial-dev-myapp-db-deployer.cfapps.ap21.hana.ondemand.com",
      "memory" : "256M",
      "default-instances" : 1,
      "no-route" : true,
      "default-live-host" : "48c15575trial-dev-myapp-db-deployer",
      "instances" : 1,
      "buildpack" : "nodejs_buildpack",
      "default-host" : "48c15575trial-dev-myapp-db-deployer",
      "app-name" : "myApp-db-deployer",
      "default-live-uri" : "48c15575trial-dev-myapp-db-deployer.cfapps.ap21.hana.ondemand.com",
      "protocol" : "https",
      "default-live-app-name" : "myApp-db-deployer",
      "default-live-domain" : "cfapps.ap21.hana.ondemand.com",
      "dependency-type" : "hard",
      "domain" : "cfapps.ap21.hana.ondemand.com",
      "host" : "48c15575trial-dev-myapp-db-deployer",
      "generated-user" : "********",
      "tasks" : [ {
        "command" : "npm start",
        "memory" : "256M",
        "name" : "deploy"
      } ],
      "no-start" : true
    },
    "requiredDependencies" : [ {
      "majorSchemaVersion" : 3,
      "name" : "myApp-db",
      "properties" : { },
      "parameters" : { },
      "propertiesMetadata" : {
        "metadata" : { }
      },
      "parametersMetadata" : {
        "metadata" : { }
      }
    } ],
    "providedDependencies" : [ {
      "majorSchemaVersion" : 3,
      "name" : "myApp-db-deployer",
      "isPublic" : false,
      "properties" : { },
      "parameters" : { },
      "propertiesMetadata" : {
        "metadata" : { }
      },
      "parametersMetadata" : {
        "metadata" : { }
      }
    } ],
    "propertiesMetadata" : {
      "metadata" : { }
    },
    "parametersMetadata" : {
      "metadata" : { }
    },
    "hooks" : [ ]
  } ],
  "resources" : [ {
    "majorSchemaVersion" : 3,
    "name" : "********",
    "type" : "org.cloudfoundry.managed-service",
    "properties" : { },
    "parameters" : {
      "generated-password" : "********",
      "path" : "./xs-security.json",
      "service-name" : "********",
      "service-plan" : "application",
      "service" : "xsuaa",
      "generated-user" : "********",
      "default-xsappname" : "********",
      "type" : "managed-service",
      "config" : {
        "oauth2-configuration" : "********",
        "tenant-mode" : "dedicated",
        "xsappname" : "myApp-48c15575trial-dev"
      },
      "default-service-name" : "********",
      "default-container-name" : "********"
    },
    "isActive" : true,
    "isOptional" : false,
    "propertiesMetadata" : {
      "metadata" : { }
    },
    "parametersMetadata" : {
      "metadata" : { }
    },
    "requiredDependencies" : [ ],
    "processedAfter" : [ ]
  }, {
    "majorSchemaVersion" : 3,
    "name" : "myApp-db",
    "type" : "com.sap.xs.hdi-container",
    "properties" : { },
    "parameters" : {
      "generated-password" : "********",
      "service-name" : "myApp-db",
      "service-plan" : "hdi-shared",
      "service" : "hana",
      "generated-user" : "********",
      "default-xsappname" : "myApp-db",
      "type" : "managed-service",
      "default-service-name" : "myApp-db",
      "default-container-name" : "48C15575TRIAL_DEV_MYAPP_DB"
    },
    "isActive" : true,
    "isOptional" : false,
    "propertiesMetadata" : {
      "metadata" : { }
    },
    "parametersMetadata" : {
      "metadata" : { }
    },
    "requiredDependencies" : [ ],
    "processedAfter" : [ ]
  } ],
  "parameters" : {
    "mta-id" : "myApp",
    "authorization-url" : "********",
    "org-guid" : "3f90f8ce-816d-4c7e-aacf-5df8bdae9e0b",
    "org" : "48c15575trial",
    "deploy-target" : "48c15575trial dev",
    "enable-parallel-deployments" : true,
    "region-primary-domain" : "ap21.hana.ondemand.com",
    "space" : "dev",
    "region-domain" : "ap21.hana.ondemand.com",
    "xs-api-url" : "https://api.cf.ap21.hana.ondemand.com",
    "deploy-url" : "deploy-service.cfapps.ap21.hana.ondemand.com",
    "xs-type" : "CF",
    "default-domain" : "cfapps.ap21.hana.ondemand.com",
    "mta-version" : "1.0.0",
    "xs-auth-url" : "********",
    "space-guid" : "bdc633a2-72ca-4eb6-ab22-0458c65cc06d",
    "user" : "********",
    "controller-url" : "https://api.cf.ap21.hana.ondemand.com",
    "timestamp" : "20260210133714"
  },
  "parametersMetadata" : {
    "metadata" : { }
  }
}#
#2026 02 10 13:37:16.167#Z#DEBUG#9c54dc51-0685-11f1-a171-eeee0a8c759d.OPERATION#flowable-async-job-executor-thread-5731#
[ProcessDescriptorStep] Merged descriptor properties and parameters resolved#
#2026 02 10 13:37:16.167#Z#DEBUG#9c54dc51-0685-11f1-a171-eeee0a8c759d.OPERATION#flowable-async-job-executor-thread-5731#
Step "Process Descriptor Step" finished#
#2026 02 10 13:37:16.225#Z#DEBUG#9c54dc51-0685-11f1-a171-eeee0a8c759d.OPERATION#flowable-async-job-executor-thread-5732#
[XS2BuildCloudDeployModelStep] Executing task "buildDeployModelTask" of process "9c54dc73-0685-11f1-a171-eeee0a8c759d"...#
#2026 02 10 13:37:16.228#Z#DEBUG#9c54dc51-0685-11f1-a171-eeee0a8c759d.OPERATION#flowable-async-job-executor-thread-5732#
[XS2BuildCloudDeployModelStep] Service keys defined for content deployment grouped by service name: { }#
#2026 02 10 13:37:16.228#Z#DEBUG#9c54dc51-0685-11f1-a171-eeee0a8c759d.OPERATION#flowable-async-job-executor-thread-5732#
[XS2BuildCloudDeployModelStep] Building cloud deployment model...#
#2026 02 10 13:37:16.230#Z#DEBUG#9c54dc51-0685-11f1-a171-eeee0a8c759d.OPERATION#flowable-async-job-executor-thread-5732#
[XS2BuildCloudDeployModelStep] MTA archive modules: [myApp-db-deployer, myApp-srv]#
#2026 02 10 13:37:16.230#Z#DEBUG#9c54dc51-0685-11f1-a171-eeee0a8c759d.OPERATION#flowable-async-job-executor-thread-5732#
[XS2BuildCloudDeployModelStep] Deployed modules: [myApp-db-deployer, myApp-srv]#
#2026 02 10 13:37:16.232#Z#DEBUG#9c54dc51-0685-11f1-a171-eeee0a8c759d.OPERATION#flowable-async-job-executor-thread-5732#
[XS2BuildCloudDeployModelStep] MTA modules: [myApp-db-deployer, myApp-srv]#
#2026 02 10 13:37:16.232#Z#DEBUG#9c54dc51-0685-11f1-a171-eeee0a8c759d.OPERATION#flowable-async-job-executor-thread-5732#
[XS2BuildCloudDeployModelStep] Service keys to create: {
  "myApp-auth" : "********",
  "myApp-db" : [ ]
}#
#2026 02 10 13:37:16.233#Z#DEBUG#9c54dc51-0685-11f1-a171-eeee0a8c759d.OPERATION#flowable-async-job-executor-thread-5732#
[XS2BuildCloudDeployModelStep] Modules to deploy: [{
  "majorSchemaVersion" : 3,
  "name" : "myApp-srv",
  "type" : "javascript.nodejs",
  "path" : "myApp-srv",
  "properties" : { },
  "parameters" : {
    "default-url" : "https://48c15575trial-dev-myapp-srv.cfapps.ap21.hana.ondemand.com",
    "default-app-name" : "myApp-srv",
    "generated-password" : "********",
    "default-live-url" : "https://48c15575trial-dev-myapp-srv.cfapps.ap21.hana.ondemand.com",
    "default-uri" : "48c15575trial-dev-myapp-srv.cfapps.ap21.hana.ondemand.com",
    "default-instances" : 1,
    "default-live-host" : "48c15575trial-dev-myapp-srv",
    "instances" : 1,
    "buildpack" : "nodejs_buildpack",
    "default-host" : "48c15575trial-dev-myapp-srv",
    "app-name" : "myApp-srv",
    "default-live-uri" : "48c15575trial-dev-myapp-srv.cfapps.ap21.hana.ondemand.com",
    "protocol" : "https",
    "default-live-app-name" : "myApp-srv",
    "default-live-domain" : "cfapps.ap21.hana.ondemand.com",
    "dependency-type" : "soft",
    "domain" : "cfapps.ap21.hana.ondemand.com",
    "host" : "48c15575trial-dev-myapp-srv",
    "generated-user" : "********"
  },
  "requiredDependencies" : [ {
    "majorSchemaVersion" : 3,
    "name" : "********",
    "properties" : { },
    "parameters" : { },
    "propertiesMetadata" : {
      "metadata" : { }
    },
    "parametersMetadata" : {
      "metadata" : { }
    }
  }, {
    "majorSchemaVersion" : 3,
    "name" : "myApp-db",
    "properties" : { },
    "parameters" : { },
    "propertiesMetadata" : {
      "metadata" : { }
    },
    "parametersMetadata" : {
      "metadata" : { }
    }
  } ],
  "providedDependencies" : [ {
    "majorSchemaVersion" : 3,
    "name" : "srv-api",
    "isPublic" : false,
    "properties" : {
      "srv-url" : "https://48c15575trial-dev-myapp-srv.cfapps.ap21.hana.ondemand.com"
    },
    "parameters" : { },
    "propertiesMetadata" : {
      "metadata" : { }
    },
    "parametersMetadata" : {
      "metadata" : { }
    }
  }, {
    "majorSchemaVersion" : 3,
    "name" : "myApp-srv",
    "isPublic" : false,
    "properties" : { },
    "parameters" : { },
    "propertiesMetadata" : {
      "metadata" : { }
    },
    "parametersMetadata" : {
      "metadata" : { }
    }
  } ],
  "propertiesMetadata" : {
    "metadata" : { }
  },
  "parametersMetadata" : {
    "metadata" : { }
  },
  "deployedAfter" : [ ],
  "hooks" : [ ]
}, {
  "majorSchemaVersion" : 3,
  "name" : "myApp-db-deployer",
  "type" : "com.sap.xs.hdi",
  "path" : "myApp-db-deployer",
  "properties" : {
    "EXIT" : 1
  },
  "parameters" : {
    "default-url" : "https://48c15575trial-dev-myapp-db-deployer.cfapps.ap21.hana.ondemand.com",
    "default-app-name" : "myApp-db-deployer",
    "generated-password" : "********",
    "default-live-url" : "https://48c15575trial-dev-myapp-db-deployer.cfapps.ap21.hana.ondemand.com",
    "default-uri" : "48c15575trial-dev-myapp-db-deployer.cfapps.ap21.hana.ondemand.com",
    "memory" : "256M",
    "default-instances" : 1,
    "no-route" : true,
    "default-live-host" : "48c15575trial-dev-myapp-db-deployer",
    "instances" : 1,
    "buildpack" : "nodejs_buildpack",
    "default-host" : "48c15575trial-dev-myapp-db-deployer",
    "app-name" : "myApp-db-deployer",
    "default-live-uri" : "48c15575trial-dev-myapp-db-deployer.cfapps.ap21.hana.ondemand.com",
    "protocol" : "https",
    "default-live-app-name" : "myApp-db-deployer",
    "default-live-domain" : "cfapps.ap21.hana.ondemand.com",
    "dependency-type" : "hard",
    "domain" : "cfapps.ap21.hana.ondemand.com",
    "host" : "48c15575trial-dev-myapp-db-deployer",
    "generated-user" : "********",
    "tasks" : [ {
      "command" : "npm start",
      "memory" : "256M",
      "name" : "deploy"
    } ],
    "no-start" : true
  },
  "requiredDependencies" : [ {
    "majorSchemaVersion" : 3,
    "name" : "myApp-db",
    "properties" : { },
    "parameters" : { },
    "propertiesMetadata" : {
      "metadata" : { }
    },
    "parametersMetadata" : {
      "metadata" : { }
    }
  } ],
  "providedDependencies" : [ {
    "majorSchemaVersion" : 3,
    "name" : "myApp-db-deployer",
    "isPublic" : false,
    "properties" : { },
    "parameters" : { },
    "propertiesMetadata" : {
      "metadata" : { }
    },
    "parametersMetadata" : {
      "metadata" : { }
    }
  } ],
  "propertiesMetadata" : {
    "metadata" : { }
  },
  "parametersMetadata" : {
    "metadata" : { }
  },
  "deployedAfter" : [ ],
  "hooks" : [ ]
}]#
#2026 02 10 13:37:16.233#Z#DEBUG#9c54dc51-0685-11f1-a171-eeee0a8c759d.OPERATION#flowable-async-job-executor-thread-5732#
[XS2BuildCloudDeployModelStep] Custom domains: []#
#2026 02 10 13:37:16.234#Z#DEBUG#9c54dc51-0685-11f1-a171-eeee0a8c759d.OPERATION#flowable-async-job-executor-thread-5732#
[XS2BuildCloudDeployModelStep] Calculating resource batches...#
#2026 02 10 13:37:16.234#Z#DEBUG#9c54dc51-0685-11f1-a171-eeee0a8c759d.OPERATION#flowable-async-job-executor-thread-5732#
[XS2BuildCloudDeployModelStep] Calculating resource batches completed.#
#2026 02 10 13:37:16.234#Z#DEBUG#9c54dc51-0685-11f1-a171-eeee0a8c759d.OPERATION#flowable-async-job-executor-thread-5732#
[XS2BuildCloudDeployModelStep] Cloud deployment model built#
#2026 02 10 13:37:16.234#Z#DEBUG#9c54dc51-0685-11f1-a171-eeee0a8c759d.OPERATION#flowable-async-job-executor-thread-5732#
Step "Build Deploy Model" finished#
#2026 02 10 13:37:16.301#Z#DEBUG#9c54dc51-0685-11f1-a171-eeee0a8c759d.OPERATION#flowable-async-job-executor-thread-5733#
[BuildCloudUndeployModelStep] Executing task "buildUndeployModelTask" of process "9c54dc73-0685-11f1-a171-eeee0a8c759d"...#
#2026 02 10 13:37:16.303#Z#DEBUG#9c54dc51-0685-11f1-a171-eeee0a8c759d.OPERATION#flowable-async-job-executor-thread-5733#
[BuildCloudUndeployModelStep] Building cloud undeployment model...#
#2026 02 10 13:37:16.311#Z#DEBUG#9c54dc51-0685-11f1-a171-eeee0a8c759d.OPERATION#flowable-async-job-executor-thread-5733#
[BuildCloudUndeployModelStep] MTA modules: [myApp-db-deployer, myApp-srv]#
#2026 02 10 13:37:16.311#Z#DEBUG#9c54dc51-0685-11f1-a171-eeee0a8c759d.OPERATION#flowable-async-job-executor-thread-5733#
[BuildCloudUndeployModelStep] Modules to undeploy: [ ]#
#2026 02 10 13:37:16.311#Z#DEBUG#9c54dc51-0685-11f1-a171-eeee0a8c759d.OPERATION#flowable-async-job-executor-thread-5733#
[BuildCloudUndeployModelStep] Modules that won't be changed: [ ]#
#2026 02 10 13:37:16.313#Z#DEBUG#9c54dc51-0685-11f1-a171-eeee0a8c759d.OPERATION#flowable-async-job-executor-thread-5733#
[BuildCloudUndeployModelStep] Subscriptions to delete: [ ]#
#2026 02 10 13:37:16.315#Z#DEBUG#9c54dc51-0685-11f1-a171-eeee0a8c759d.OPERATION#flowable-async-job-executor-thread-5733#
[BuildCloudUndeployModelStep] Cloud services to delete: []#
#2026 02 10 13:37:16.315#Z#DEBUG#9c54dc51-0685-11f1-a171-eeee0a8c759d.OPERATION#flowable-async-job-executor-thread-5733#
[BuildCloudUndeployModelStep] Detecting service keys to delete.#
#2026 02 10 13:37:16.316#Z#DEBUG#9c54dc51-0685-11f1-a171-eeee0a8c759d.OPERATION#flowable-async-job-executor-thread-5733#
[BuildCloudUndeployModelStep] No deployed service keys detected!#
#2026 02 10 13:37:16.316#Z#DEBUG#9c54dc51-0685-11f1-a171-eeee0a8c759d.OPERATION#flowable-async-job-executor-thread-5733#
[BuildCloudUndeployModelStep] Detected service keys to delete "[]"#
#2026 02 10 13:37:16.316#Z#DEBUG#9c54dc51-0685-11f1-a171-eeee0a8c759d.OPERATION#flowable-async-job-executor-thread-5733#
[BuildCloudUndeployModelStep] Cloud applications to undeploy: [ ]#
#2026 02 10 13:37:16.320#Z#DEBUG#9c54dc51-0685-11f1-a171-eeee0a8c759d.OPERATION#flowable-async-job-executor-thread-5733#
[BuildCloudUndeployModelStep] Cloud undeployment model built#
#2026 02 10 13:37:16.320#Z#DEBUG#9c54dc51-0685-11f1-a171-eeee0a8c759d.OPERATION#flowable-async-job-executor-thread-5733#
Step "Build Undeploy Model" finished#
#2026 02 10 13:37:16.387#Z#DEBUG#9c54dc51-0685-11f1-a171-eeee0a8c759d.OPERATION#flowable-async-job-executor-thread-5733#
[AddDomainsStep] Executing task "addDomainsTask" of process "9c54dc73-0685-11f1-a171-eeee0a8c759d"...#
#2026 02 10 13:37:16.391#Z#DEBUG#9c54dc51-0685-11f1-a171-eeee0a8c759d.OPERATION#flowable-async-job-executor-thread-5733#
[AddDomainsStep] Custom domains: []#
#2026 02 10 13:37:16.391#Z#DEBUG#9c54dc51-0685-11f1-a171-eeee0a8c759d.OPERATION#flowable-async-job-executor-thread-5733#
Step "Add Domains" finished#
#2026 02 10 13:37:16.593#Z#DEBUG#9c54dc51-0685-11f1-a171-eeee0a8c759d.OPERATION#flowable-async-job-executor-thread-5736#
[ExtractBatchedServicesWithResolvedDynamicParametersStep] Executing task "prepareModulesDeploymentTask" of process "9d5116c5-0685-11f1-a171-eeee0a8c759d"...#
#2026 02 10 13:37:16.594#Z#DEBUG#9c54dc51-0685-11f1-a171-eeee0a8c759d.OPERATION#flowable-async-job-executor-thread-5736#
[ExtractBatchedServicesWithResolvedDynamicParametersStep] Extracting services and resolving dynamic parameters from batch#
#2026 02 10 13:37:16.595#Z#DEBUG#9c54dc51-0685-11f1-a171-eeee0a8c759d.OPERATION#flowable-async-job-executor-thread-5736#
[ExtractBatchedServicesWithResolvedDynamicParametersStep] Services to create: [ {
  "isOptional" : false,
  "isManaged" : true,
  "name" : "********",
  "v3Metadata" : {
    "annotations" : {
      "mta_id" : "myApp",
      "mta_version" : "1.0.0",
      "mta_resource" : "********"
    },
    "labels" : {
      "mta_id" : "daa60df2f8080505402d0ce37fbfcff0"
    }
  },
  "label" : "xsuaa",
  "plan" : "application",
  "credentials" : "********",
  "tags" : [ ],
  "type" : "managed",
  "resourceName" : "********",
  "shouldSkipParametersUpdate" : false,
  "shouldSkipPlanUpdate" : false,
  "shouldSkipTagsUpdate" : false,
  "shouldSkipSyslogUrlUpdate" : false
}, {
  "isOptional" : false,
  "isManaged" : true,
  "name" : "myApp-db",
  "v3Metadata" : {
    "annotations" : {
      "mta_id" : "myApp",
      "mta_version" : "1.0.0",
      "mta_resource" : "{\"name\":\"myApp-db\"}"
    },
    "labels" : {
      "mta_id" : "daa60df2f8080505402d0ce37fbfcff0"
    }
  },
  "label" : "hana",
  "plan" : "hdi-shared",
  "credentials" : "********",
  "tags" : [ ],
  "type" : "managed",
  "resourceName" : "myApp-db",
  "shouldSkipParametersUpdate" : false,
  "shouldSkipPlanUpdate" : false,
  "shouldSkipTagsUpdate" : false,
  "shouldSkipSyslogUrlUpdate" : false
} ]#
#2026 02 10 13:37:16.596#Z#DEBUG#9c54dc51-0685-11f1-a171-eeee0a8c759d.OPERATION#flowable-async-job-executor-thread-5736#
Step "Extract Services with Resolved Dynamic parameters from batch" finished#
#2026 02 10 13:37:16.753#Z#DEBUG#9c54dc51-0685-11f1-a171-eeee0a8c759d.OPERATION#flowable-async-job-executor-thread-5736#
[CheckServiceOperationStateStep] Executing task "CheckServiceOperationStateTask" of process "9d6d036d-0685-11f1-a171-eeee0a8c759d"...#
#2026 02 10 13:37:16.753#Z#DEBUG#9c54dc51-0685-11f1-a171-eeee0a8c759d.OPERATION#flowable-async-job-executor-thread-5736#
[CheckServiceOperationStateStep] Getting service instance "myApp-db"...#
#2026 02 10 13:37:16.879#Z#DEBUG#9c54dc51-0685-11f1-a171-eeee0a8c759d.OPERATION#flowable-async-job-executor-thread-5736#
Step "Check for service operations in Progress" finished#
#2026 02 10 13:37:16.931#Z#DEBUG#9c54dc51-0685-11f1-a171-eeee0a8c759d.OPERATION#flowable-async-job-executor-thread-5732#
[DetermineServiceCreateUpdateServiceActionsStep] Executing task "DetermineServiceCreateUpdateActionsTask" of process "9d6d036d-0685-11f1-a171-eeee0a8c759d"...#
#2026 02 10 13:37:16.933#Z#INFO#9c54dc51-0685-11f1-a171-eeee0a8c759d.OPERATION#flowable-async-job-executor-thread-5732#
[DetermineServiceCreateUpdateServiceActionsStep] Processing service "myApp-db"...#
#2026 02 10 13:37:16.943#Z#DEBUG#9c54dc51-0685-11f1-a171-eeee0a8c759d.OPERATION#flowable-async-job-executor-thread-5732#
[DetermineServiceCreateUpdateServiceActionsStep] Getting service instance "myApp-db"...#
#2026 02 10 13:37:17.058#Z#DEBUG#9c54dc51-0685-11f1-a171-eeee0a8c759d.OPERATION#flowable-async-job-executor-thread-5732#
[DetermineServiceCreateUpdateServiceActionsStep] Existing service: {
  "name" : "myApp-db",
  "metadata" : {
    "guid" : "a85aa41a-022a-4666-8237-a045628e0070",
    "createdAt" : [ 2026, 2, 6, 20, 29, 39 ],
    "updatedAt" : [ 2026, 2, 6, 20, 29, 40 ]
  },
  "v3Metadata" : {
    "annotations" : {
      "mta_id" : "myApp",
      "mta_version" : "1.0.0",
      "mta_resource" : "{\"name\":\"myApp-db\"}"
    },
    "labels" : {
      "mta_id" : "daa60df2f8080505402d0ce37fbfcff0"
    }
  },
  "label" : "hana",
  "plan" : "hdi-shared",
  "credentials" : "********",
  "tags" : [ ],
  "type" : "managed",
  "lastOperation" : {
    "type" : "CREATE",
    "state" : "SUCCEEDED"
  }
}#
#2026 02 10 13:37:17.058#Z#WARN#9c54dc51-0685-11f1-a171-eeee0a8c759d.OPERATION#flowable-async-job-executor-thread-5732#
[DetermineServiceCreateUpdateServiceActionsStep] Service parameters for service "myApp-db" will not be updated, as the parameters are not defined or empty.#
#2026 02 10 13:37:17.058#Z#DEBUG#9c54dc51-0685-11f1-a171-eeee0a8c759d.OPERATION#flowable-async-job-executor-thread-5732#
Step "Determine update actions" finished#
#2026 02 10 13:37:17.126#Z#DEBUG#9c54dc51-0685-11f1-a171-eeee0a8c759d.OPERATION#flowable-async-job-executor-thread-5732#
[CheckForServiceBindingOrKeyOperationStep] Executing task "CheckForServiceBindingOrKeyCreation" of process "9d6d036d-0685-11f1-a171-eeee0a8c759d"...#
#2026 02 10 13:37:17.129#Z#DEBUG#9c54dc51-0685-11f1-a171-eeee0a8c759d.OPERATION#flowable-async-job-executor-thread-5732#
Step "Check for service binding or key creation" finished#
#2026 02 10 13:37:18.123#Z#DEBUG#9c54dc51-0685-11f1-a171-eeee0a8c759d.OPERATION#flowable-async-job-executor-thread-5735#
[CheckServiceOperationStateStep] Executing task "CheckServiceOperationStateTask" of process "9e3ef8c0-0685-11f1-a171-eeee0a8c759d"...#
#2026 02 10 13:37:18.123#Z#DEBUG#9c54dc51-0685-11f1-a171-eeee0a8c759d.OPERATION#flowable-async-job-executor-thread-5735#
[CheckServiceOperationStateStep] Getting service instance "myApp-auth"...#
#2026 02 10 13:37:18.270#Z#DEBUG#9c54dc51-0685-11f1-a171-eeee0a8c759d.OPERATION#flowable-async-job-executor-thread-5735#
Step "Check for service operations in Progress" finished#
#2026 02 10 13:37:18.323#Z#DEBUG#9c54dc51-0685-11f1-a171-eeee0a8c759d.OPERATION#flowable-async-job-executor-thread-5735#
[DetermineServiceCreateUpdateServiceActionsStep] Executing task "DetermineServiceCreateUpdateActionsTask" of process "9e3ef8c0-0685-11f1-a171-eeee0a8c759d"...#
#2026 02 10 13:37:18.324#Z#INFO#9c54dc51-0685-11f1-a171-eeee0a8c759d.OPERATION#flowable-async-job-executor-thread-5735#
[DetermineServiceCreateUpdateServiceActionsStep] Processing service "myApp-auth"...#
#2026 02 10 13:37:18.333#Z#DEBUG#9c54dc51-0685-11f1-a171-eeee0a8c759d.OPERATION#flowable-async-job-executor-thread-5735#
[DetermineServiceCreateUpdateServiceActionsStep] Getting service instance "myApp-auth"...#
#2026 02 10 13:37:18.457#Z#INFO#9c54dc51-0685-11f1-a171-eeee0a8c759d.OPERATION#flowable-async-job-executor-thread-5735#
[DetermineServiceCreateUpdateServiceActionsStep] Setting service "myApp-auth" parameters from "xs-security.json"#
#2026 02 10 13:37:18.481#Z#DEBUG#9c54dc51-0685-11f1-a171-eeee0a8c759d.OPERATION#flowable-async-job-executor-thread-5735#
[DetermineServiceCreateUpdateServiceActionsStep] Existing service: {
  "name" : "********",
  "metadata" : {
    "guid" : "ed5a9a7b-227e-484e-b2d5-f9b50232e6d7",
    "createdAt" : [ 2026, 2, 6, 20, 29, 40 ],
    "updatedAt" : [ 2026, 2, 6, 20, 29, 40 ]
  },
  "v3Metadata" : {
    "annotations" : {
      "mta_id" : "myApp",
      "mta_version" : "1.0.0",
      "mta_resource" : "********"
    },
    "labels" : {
      "mta_id" : "daa60df2f8080505402d0ce37fbfcff0"
    }
  },
  "label" : "xsuaa",
  "plan" : "application",
  "credentials" : "********",
  "tags" : [ ],
  "type" : "managed",
  "lastOperation" : {
    "type" : "UPDATE",
    "description" : "",
    "state" : "SUCCEEDED"
  }
}#
#2026 02 10 13:37:18.481#Z#DEBUG#9c54dc51-0685-11f1-a171-eeee0a8c759d.OPERATION#flowable-async-job-executor-thread-5735#
[DetermineServiceCreateUpdateServiceActionsStep] Service parameters will be updated#
#2026 02 10 13:37:18.481#Z#DEBUG#9c54dc51-0685-11f1-a171-eeee0a8c759d.OPERATION#flowable-async-job-executor-thread-5735#
[DetermineServiceCreateUpdateServiceActionsStep] New parameters: {
  "attributes" : [ ],
  "oauth2-configuration" : "********",
  "role-templates" : [ ],
  "scopes" : [ ],
  "tenant-mode" : "dedicated",
  "xsappname" : "myApp-48c15575trial-dev"
}#
#2026 02 10 13:37:18.481#Z#DEBUG#9c54dc51-0685-11f1-a171-eeee0a8c759d.OPERATION#flowable-async-job-executor-thread-5735#
Step "Determine update actions" finished#
#2026 02 10 13:37:18.553#Z#DEBUG#9c54dc51-0685-11f1-a171-eeee0a8c759d.OPERATION#flowable-async-job-executor-thread-5735#
[CheckForServiceBindingOrKeyOperationStep] Executing task "CheckForServiceBindingOrKeyCreation" of process "9e3ef8c0-0685-11f1-a171-eeee0a8c759d"...#
#2026 02 10 13:37:18.555#Z#DEBUG#9c54dc51-0685-11f1-a171-eeee0a8c759d.OPERATION#flowable-async-job-executor-thread-5735#
Step "Check for service binding or key creation" finished#
#2026 02 10 13:37:18.616#Z#DEBUG#9c54dc51-0685-11f1-a171-eeee0a8c759d.OPERATION#flowable-async-job-executor-thread-5735#
[UpdateServiceParametersStep] Executing task "UpdateServiceParametersTask" of process "9e3ef8c0-0685-11f1-a171-eeee0a8c759d"...#
#2026 02 10 13:37:18.619#Z#INFO#9c54dc51-0685-11f1-a171-eeee0a8c759d.OPERATION#flowable-async-job-executor-thread-5735#
[UpdateServiceParametersStep] Updating service "myApp-auth"...#
#2026 02 10 13:37:18.630#Z#DEBUG#9c54dc51-0685-11f1-a171-eeee0a8c759d.OPERATION#flowable-async-job-executor-thread-5735#
[UpdateServiceParametersStep] Updating service parameters for service "myApp-auth"...#
#2026 02 10 13:37:18.750#Z#DEBUG#9c54dc51-0685-11f1-a171-eeee0a8c759d.OPERATION#flowable-async-job-executor-thread-5735#
[UpdateServiceParametersStep] Service "myApp-auth" updated#
#2026 02 10 13:37:18.750#Z#DEBUG#9c54dc51-0685-11f1-a171-eeee0a8c759d.OPERATION#flowable-async-job-executor-thread-5735#
[UpdateServiceParametersStep] Triggered service operations: {
  "myApp-auth" : "UPDATE"
}#
#2026 02 10 13:37:18.752#Z#DEBUG#9c54dc51-0685-11f1-a171-eeee0a8c759d.OPERATION#flowable-async-job-executor-thread-5735#
Step "Update parameters" finished#
#2026 02 10 13:37:28.704#Z#DEBUG#9c54dc51-0685-11f1-a171-eeee0a8c759d.OPERATION#flowable-async-job-executor-thread-5740#
[UpdateServiceParametersStep] Executing task "UpdateServiceParametersTask" of process "9e3ef8c0-0685-11f1-a171-eeee0a8c759d"...#
#2026 02 10 13:37:28.705#Z#DEBUG#9c54dc51-0685-11f1-a171-eeee0a8c759d.OPERATION#flowable-async-job-executor-thread-5740#
[UpdateServiceParametersStep] Polling service operations...#
#2026 02 10 13:37:28.708#Z#DEBUG#9c54dc51-0685-11f1-a171-eeee0a8c759d.OPERATION#flowable-async-job-executor-thread-5740#
[UpdateServiceParametersStep] Getting service instance "myApp-auth"...#
#2026 02 10 13:37:28.851#Z#DEBUG#9c54dc51-0685-11f1-a171-eeee0a8c759d.OPERATION#flowable-async-job-executor-thread-5740#
[UpdateServiceParametersStep] Last operation for service "myApp-auth": {
  "type" : "UPDATE",
  "description" : "",
  "state" : "SUCCEEDED"
}#
#2026 02 10 13:37:28.851#Z#DEBUG#9c54dc51-0685-11f1-a171-eeee0a8c759d.OPERATION#flowable-async-job-executor-thread-5740#
[UpdateServiceParametersStep] Service "myApp-auth" updated#
#2026 02 10 13:37:28.851#Z#INFO#9c54dc51-0685-11f1-a171-eeee0a8c759d.OPERATION#flowable-async-job-executor-thread-5740#
[UpdateServiceParametersStep] 1 of 1 done#
#2026 02 10 13:37:28.861#Z#DEBUG#9c54dc51-0685-11f1-a171-eeee0a8c759d.OPERATION#flowable-async-job-executor-thread-5740#
[UpdateServiceParametersStep] Remaining services to poll: [ ]#
#2026 02 10 13:37:28.863#Z#DEBUG#9c54dc51-0685-11f1-a171-eeee0a8c759d.OPERATION#flowable-async-job-executor-thread-5740#
Step "Update parameters" finished#
#2026 02 10 13:37:29.233#Z#DEBUG#9c54dc51-0685-11f1-a171-eeee0a8c759d.OPERATION#flowable-async-job-executor-thread-5743#
[PrepareModulesDeploymentStep] Executing task "prepareModulesDeploymentTask" of process "a4d8bb35-0685-11f1-a171-eeee0a8c759d"...#
#2026 02 10 13:37:29.234#Z#DEBUG#9c54dc51-0685-11f1-a171-eeee0a8c759d.OPERATION#flowable-async-job-executor-thread-5743#
[PrepareModulesDeploymentStep] Preparing modules deployment...#
#2026 02 10 13:37:29.240#Z#DEBUG#9c54dc51-0685-11f1-a171-eeee0a8c759d.OPERATION#flowable-async-job-executor-thread-5743#
Step "Prepare Modules Deployment" finished#
#2026 02 10 13:37:29.297#Z#DEBUG#9c54dc51-0685-11f1-a171-eeee0a8c759d.OPERATION#flowable-async-job-executor-thread-5744#
[ComputeNextModulesStep] Executing task "computeNextModulesToDeployInParallel" of process "a4d8bb35-0685-11f1-a171-eeee0a8c759d"...#
#2026 02 10 13:37:29.298#Z#DEBUG#9c54dc51-0685-11f1-a171-eeee0a8c759d.OPERATION#flowable-async-job-executor-thread-5744#
[ComputeNextModulesStep] Computing modules for next parallel iteration...#
#2026 02 10 13:37:29.299#Z#DEBUG#9c54dc51-0685-11f1-a171-eeee0a8c759d.OPERATION#flowable-async-job-executor-thread-5744#
[ComputeNextModulesStep] Completed modules detected: []#
#2026 02 10 13:37:29.299#Z#DEBUG#9c54dc51-0685-11f1-a171-eeee0a8c759d.OPERATION#flowable-async-job-executor-thread-5744#
[ComputeNextModulesStep] All modules for deploy detected: [myApp-db-deployer, myApp-srv]#
#2026 02 10 13:37:29.300#Z#DEBUG#9c54dc51-0685-11f1-a171-eeee0a8c759d.OPERATION#flowable-async-job-executor-thread-5744#
[ComputeNextModulesStep] Modules not for deploy detected: []#
#2026 02 10 13:37:29.301#Z#DEBUG#9c54dc51-0685-11f1-a171-eeee0a8c759d.OPERATION#flowable-async-job-executor-thread-5744#
[ComputeNextModulesStep] Computed modules for next parallel iteration: [ {
  "majorSchemaVersion" : 3,
  "name" : "myApp-srv",
  "type" : "javascript.nodejs",
  "path" : "myApp-srv",
  "properties" : { },
  "parameters" : {
    "app-name" : "myApp-srv",
    "buildpack" : "nodejs_buildpack",
    "default-app-name" : "myApp-srv",
    "default-host" : "48c15575trial-dev-myapp-srv",
    "default-instances" : 1,
    "default-live-app-name" : "myApp-srv",
    "default-live-domain" : "cfapps.ap21.hana.ondemand.com",
    "default-live-host" : "48c15575trial-dev-myapp-srv",
    "default-live-uri" : "48c15575trial-dev-myapp-srv.cfapps.ap21.hana.ondemand.com",
    "default-live-url" : "https://48c15575trial-dev-myapp-srv.cfapps.ap21.hana.ondemand.com",
    "default-uri" : "48c15575trial-dev-myapp-srv.cfapps.ap21.hana.ondemand.com",
    "default-url" : "https://48c15575trial-dev-myapp-srv.cfapps.ap21.hana.ondemand.com",
    "dependency-type" : "soft",
    "domain" : "cfapps.ap21.hana.ondemand.com",
    "generated-password" : "********",
    "generated-user" : "********",
    "host" : "48c15575trial-dev-myapp-srv",
    "instances" : 1,
    "protocol" : "https"
  },
  "requiredDependencies" : [ {
    "majorSchemaVersion" : 3,
    "name" : "********",
    "properties" : { },
    "parameters" : { },
    "propertiesMetadata" : {
      "metadata" : { }
    },
    "parametersMetadata" : {
      "metadata" : { }
    }
  }, {
    "majorSchemaVersion" : 3,
    "name" : "myApp-db",
    "properties" : { },
    "parameters" : { },
    "propertiesMetadata" : {
      "metadata" : { }
    },
    "parametersMetadata" : {
      "metadata" : { }
    }
  } ],
  "providedDependencies" : [ {
    "majorSchemaVersion" : 3,
    "name" : "srv-api",
    "isPublic" : false,
    "properties" : {
      "srv-url" : "https://48c15575trial-dev-myapp-srv.cfapps.ap21.hana.ondemand.com"
    },
    "parameters" : { },
    "propertiesMetadata" : {
      "metadata" : { }
    },
    "parametersMetadata" : {
      "metadata" : { }
    }
  }, {
    "majorSchemaVersion" : 3,
    "name" : "myApp-srv",
    "isPublic" : false,
    "properties" : { },
    "parameters" : { },
    "propertiesMetadata" : {
      "metadata" : { }
    },
    "parametersMetadata" : {
      "metadata" : { }
    }
  } ],
  "propertiesMetadata" : {
    "metadata" : { }
  },
  "parametersMetadata" : {
    "metadata" : { }
  },
  "deployedAfter" : [ ],
  "hooks" : [ ]
}, {
  "majorSchemaVersion" : 3,
  "name" : "myApp-db-deployer",
  "type" : "com.sap.xs.hdi",
  "path" : "myApp-db-deployer",
  "properties" : {
    "EXIT" : 1
  },
  "parameters" : {
    "app-name" : "myApp-db-deployer",
    "buildpack" : "nodejs_buildpack",
    "default-app-name" : "myApp-db-deployer",
    "default-host" : "48c15575trial-dev-myapp-db-deployer",
    "default-instances" : 1,
    "default-live-app-name" : "myApp-db-deployer",
    "default-live-domain" : "cfapps.ap21.hana.ondemand.com",
    "default-live-host" : "48c15575trial-dev-myapp-db-deployer",
    "default-live-uri" : "48c15575trial-dev-myapp-db-deployer.cfapps.ap21.hana.ondemand.com",
    "default-live-url" : "https://48c15575trial-dev-myapp-db-deployer.cfapps.ap21.hana.ondemand.com",
    "default-uri" : "48c15575trial-dev-myapp-db-deployer.cfapps.ap21.hana.ondemand.com",
    "default-url" : "https://48c15575trial-dev-myapp-db-deployer.cfapps.ap21.hana.ondemand.com",
    "dependency-type" : "hard",
    "domain" : "cfapps.ap21.hana.ondemand.com",
    "generated-password" : "********",
    "generated-user" : "********",
    "host" : "48c15575trial-dev-myapp-db-deployer",
    "instances" : 1,
    "memory" : "256M",
    "no-route" : true,
    "no-start" : true,
    "protocol" : "https",
    "tasks" : [ {
      "command" : "npm start",
      "memory" : "256M",
      "name" : "deploy"
    } ]
  },
  "requiredDependencies" : [ {
    "majorSchemaVersion" : 3,
    "name" : "myApp-db",
    "properties" : { },
    "parameters" : { },
    "propertiesMetadata" : {
      "metadata" : { }
    },
    "parametersMetadata" : {
      "metadata" : { }
    }
  } ],
  "providedDependencies" : [ {
    "majorSchemaVersion" : 3,
    "name" : "myApp-db-deployer",
    "isPublic" : false,
    "properties" : { },
    "parameters" : { },
    "propertiesMetadata" : {
      "metadata" : { }
    },
    "parametersMetadata" : {
      "metadata" : { }
    }
  } ],
  "propertiesMetadata" : {
    "metadata" : { }
  },
  "parametersMetadata" : {
    "metadata" : { }
  },
  "deployedAfter" : [ ],
  "hooks" : [ ]
} ]#
#2026 02 10 13:37:29.301#Z#DEBUG#9c54dc51-0685-11f1-a171-eeee0a8c759d.OPERATION#flowable-async-job-executor-thread-5744#
Step "Compute Next Modules To Deploy" finished#
#2026 02 10 13:37:29.523#Z#DEBUG#9c54dc51-0685-11f1-a171-eeee0a8c759d.OPERATION#flowable-async-job-executor-thread-5746#
[ProcessDescriptorStep] Executing task "reprocessDescriptorTask" of process "a5030040-0685-11f1-a171-eeee0a8c759d"...#
#2026 02 10 13:37:29.524#Z#DEBUG#9c54dc51-0685-11f1-a171-eeee0a8c759d.OPERATION#flowable-async-job-executor-thread-5746#
[ProcessDescriptorStep] Resolving properties and parameters in merged descriptor...#
#2026 02 10 13:37:29.528#Z#DEBUG#9c54dc51-0685-11f1-a171-eeee0a8c759d.OPERATION#flowable-async-job-executor-thread-5746#
[ProcessDescriptorStep] Subscriptions: [ ]#
#2026 02 10 13:37:29.537#Z#DEBUG#9c54dc51-0685-11f1-a171-eeee0a8c759d.OPERATION#flowable-async-job-executor-thread-5746#
[ProcessDescriptorStep] MTA modules: [myApp-db-deployer, myApp-srv]#
#2026 02 10 13:37:29.542#Z#DEBUG#9c54dc51-0685-11f1-a171-eeee0a8c759d.OPERATION#flowable-async-job-executor-thread-5746#
[ProcessDescriptorStep] Resolved deployment descriptor: {
  "majorSchemaVersion" : 3,
  "schemaVersion" : "3.3.0",
  "id" : "myApp",
  "version" : "1.0.0",
  "modules" : [ {
    "majorSchemaVersion" : 3,
    "name" : "myApp-srv",
    "type" : "javascript.nodejs",
    "path" : "myApp-srv",
    "properties" : { },
    "parameters" : {
      "default-url" : "https://48c15575trial-dev-myapp-srv.cfapps.ap21.hana.ondemand.com",
      "default-app-name" : "myApp-srv",
      "generated-password" : "********",
      "default-live-url" : "https://48c15575trial-dev-myapp-srv.cfapps.ap21.hana.ondemand.com",
      "default-uri" : "48c15575trial-dev-myapp-srv.cfapps.ap21.hana.ondemand.com",
      "default-instances" : 1,
      "default-live-host" : "48c15575trial-dev-myapp-srv",
      "instances" : 1,
      "buildpack" : "nodejs_buildpack",
      "default-host" : "48c15575trial-dev-myapp-srv",
      "app-name" : "myApp-srv",
      "default-live-uri" : "48c15575trial-dev-myapp-srv.cfapps.ap21.hana.ondemand.com",
      "protocol" : "https",
      "default-live-app-name" : "myApp-srv",
      "default-live-domain" : "cfapps.ap21.hana.ondemand.com",
      "domain" : "cfapps.ap21.hana.ondemand.com",
      "host" : "48c15575trial-dev-myapp-srv",
      "generated-user" : "********"
    },
    "requiredDependencies" : [ {
      "majorSchemaVersion" : 3,
      "name" : "********",
      "properties" : { },
      "parameters" : { },
      "propertiesMetadata" : {
        "metadata" : { }
      },
      "parametersMetadata" : {
        "metadata" : { }
      }
    }, {
      "majorSchemaVersion" : 3,
      "name" : "myApp-db",
      "properties" : { },
      "parameters" : { },
      "propertiesMetadata" : {
        "metadata" : { }
      },
      "parametersMetadata" : {
        "metadata" : { }
      }
    } ],
    "providedDependencies" : [ {
      "majorSchemaVersion" : 3,
      "name" : "srv-api",
      "isPublic" : false,
      "properties" : {
        "srv-url" : "https://48c15575trial-dev-myapp-srv.cfapps.ap21.hana.ondemand.com"
      },
      "parameters" : { },
      "propertiesMetadata" : {
        "metadata" : { }
      },
      "parametersMetadata" : {
        "metadata" : { }
      }
    }, {
      "majorSchemaVersion" : 3,
      "name" : "myApp-srv",
      "isPublic" : false,
      "properties" : { },
      "parameters" : { },
      "propertiesMetadata" : {
        "metadata" : { }
      },
      "parametersMetadata" : {
        "metadata" : { }
      }
    } ],
    "propertiesMetadata" : {
      "metadata" : { }
    },
    "parametersMetadata" : {
      "metadata" : { }
    },
    "hooks" : [ ]
  }, {
    "majorSchemaVersion" : 3,
    "name" : "myApp-db-deployer",
    "type" : "com.sap.xs.hdi",
    "path" : "myApp-db-deployer",
    "properties" : {
      "EXIT" : 1
    },
    "parameters" : {
      "default-url" : "https://48c15575trial-dev-myapp-db-deployer.cfapps.ap21.hana.ondemand.com",
      "default-app-name" : "myApp-db-deployer",
      "generated-password" : "********",
      "default-live-url" : "https://48c15575trial-dev-myapp-db-deployer.cfapps.ap21.hana.ondemand.com",
      "default-uri" : "48c15575trial-dev-myapp-db-deployer.cfapps.ap21.hana.ondemand.com",
      "memory" : "256M",
      "default-instances" : 1,
      "no-route" : true,
      "default-live-host" : "48c15575trial-dev-myapp-db-deployer",
      "instances" : 1,
      "buildpack" : "nodejs_buildpack",
      "default-host" : "48c15575trial-dev-myapp-db-deployer",
      "app-name" : "myApp-db-deployer",
      "default-live-uri" : "48c15575trial-dev-myapp-db-deployer.cfapps.ap21.hana.ondemand.com",
      "protocol" : "https",
      "default-live-app-name" : "myApp-db-deployer",
      "default-live-domain" : "cfapps.ap21.hana.ondemand.com",
      "dependency-type" : "hard",
      "domain" : "cfapps.ap21.hana.ondemand.com",
      "host" : "48c15575trial-dev-myapp-db-deployer",
      "generated-user" : "********",
      "tasks" : [ {
        "command" : "npm start",
        "memory" : "256M",
        "name" : "deploy"
      } ],
      "no-start" : true
    },
    "requiredDependencies" : [ {
      "majorSchemaVersion" : 3,
      "name" : "myApp-db",
      "properties" : { },
      "parameters" : { },
      "propertiesMetadata" : {
        "metadata" : { }
      },
      "parametersMetadata" : {
        "metadata" : { }
      }
    } ],
    "providedDependencies" : [ {
      "majorSchemaVersion" : 3,
      "name" : "myApp-db-deployer",
      "isPublic" : false,
      "properties" : { },
      "parameters" : { },
      "propertiesMetadata" : {
        "metadata" : { }
      },
      "parametersMetadata" : {
        "metadata" : { }
      }
    } ],
    "propertiesMetadata" : {
      "metadata" : { }
    },
    "parametersMetadata" : {
      "metadata" : { }
    },
    "hooks" : [ ]
  } ],
  "resources" : [ {
    "majorSchemaVersion" : 3,
    "name" : "********",
    "type" : "org.cloudfoundry.managed-service",
    "properties" : { },
    "parameters" : {
      "generated-password" : "********",
      "path" : "./xs-security.json",
      "service-name" : "********",
      "service-plan" : "application",
      "service" : "xsuaa",
      "generated-user" : "********",
      "default-xsappname" : "********",
      "type" : "managed-service",
      "config" : {
        "oauth2-configuration" : "********",
        "tenant-mode" : "dedicated",
        "xsappname" : "myApp-48c15575trial-dev"
      },
      "default-service-name" : "********",
      "default-container-name" : "********"
    },
    "isActive" : true,
    "isOptional" : false,
    "propertiesMetadata" : {
      "metadata" : { }
    },
    "parametersMetadata" : {
      "metadata" : { }
    },
    "requiredDependencies" : [ ],
    "processedAfter" : [ ]
  }, {
    "majorSchemaVersion" : 3,
    "name" : "myApp-db",
    "type" : "com.sap.xs.hdi-container",
    "properties" : { },
    "parameters" : {
      "generated-password" : "********",
      "service-name" : "myApp-db",
      "service-plan" : "hdi-shared",
      "service" : "hana",
      "generated-user" : "********",
      "default-xsappname" : "myApp-db",
      "type" : "managed-service",
      "default-service-name" : "myApp-db",
      "default-container-name" : "48C15575TRIAL_DEV_MYAPP_DB"
    },
    "isActive" : true,
    "isOptional" : false,
    "propertiesMetadata" : {
      "metadata" : { }
    },
    "parametersMetadata" : {
      "metadata" : { }
    },
    "requiredDependencies" : [ ],
    "processedAfter" : [ ]
  } ],
  "parameters" : {
    "mta-id" : "myApp",
    "authorization-url" : "********",
    "org-guid" : "3f90f8ce-816d-4c7e-aacf-5df8bdae9e0b",
    "org" : "48c15575trial",
    "deploy-target" : "48c15575trial dev",
    "enable-parallel-deployments" : true,
    "region-primary-domain" : "ap21.hana.ondemand.com",
    "space" : "dev",
    "region-domain" : "ap21.hana.ondemand.com",
    "xs-api-url" : "https://api.cf.ap21.hana.ondemand.com",
    "deploy-url" : "deploy-service.cfapps.ap21.hana.ondemand.com",
    "xs-type" : "CF",
    "default-domain" : "cfapps.ap21.hana.ondemand.com",
    "mta-version" : "1.0.0",
    "xs-auth-url" : "********",
    "space-guid" : "bdc633a2-72ca-4eb6-ab22-0458c65cc06d",
    "user" : "********",
    "controller-url" : "https://api.cf.ap21.hana.ondemand.com",
    "timestamp" : "20260210133714"
  },
  "parametersMetadata" : {
    "metadata" : { }
  }
}#
#2026 02 10 13:37:29.542#Z#DEBUG#9c54dc51-0685-11f1-a171-eeee0a8c759d.OPERATION#flowable-async-job-executor-thread-5746#
[ProcessDescriptorStep] Merged descriptor properties and parameters resolved#
#2026 02 10 13:37:29.542#Z#DEBUG#9c54dc51-0685-11f1-a171-eeee0a8c759d.OPERATION#flowable-async-job-executor-thread-5746#
Step "Re-Process Descriptor Step" finished#
#2026 02 10 13:37:29.595#Z#DEBUG#9c54dc51-0685-11f1-a171-eeee0a8c759d.OPERATION#flowable-async-job-executor-thread-5746#
[BuildApplicationDeployModelStep] Executing task "buildApplicationDeployModelTask" of process "a5030040-0685-11f1-a171-eeee0a8c759d"...#
#2026 02 10 13:37:29.598#Z#DEBUG#9c54dc51-0685-11f1-a171-eeee0a8c759d.OPERATION#flowable-async-job-executor-thread-5746#
[BuildApplicationDeployModelStep] Building cloud deployment model for application "myApp-db-deployer"...#
#2026 02 10 13:37:29.604#Z#DEBUG#9c54dc51-0685-11f1-a171-eeee0a8c759d.OPERATION#flowable-async-job-executor-thread-5746#
[BuildApplicationDeployModelStep] No health-check-type is specified. Setting default type: port#
#2026 02 10 13:37:29.604#Z#INFO#9c54dc51-0685-11f1-a171-eeee0a8c759d.OPERATION#flowable-async-job-executor-thread-5746#
[BuildApplicationDeployModelStep] Building configuration entries for org 48c15575trial, space dev, spaceId bdc633a2-72ca-4eb6-ab22-0458c65cc06d and namespace null!#
#2026 02 10 13:37:29.605#Z#DEBUG#9c54dc51-0685-11f1-a171-eeee0a8c759d.OPERATION#flowable-async-job-executor-thread-5746#
[BuildApplicationDeployModelStep] Configuration entries to publish: [ ]#
#2026 02 10 13:37:29.606#Z#DEBUG#9c54dc51-0685-11f1-a171-eeee0a8c759d.OPERATION#flowable-async-job-executor-thread-5746#
[BuildApplicationDeployModelStep] Cloud deployment model for application built#
#2026 02 10 13:37:29.606#Z#DEBUG#9c54dc51-0685-11f1-a171-eeee0a8c759d.OPERATION#flowable-async-job-executor-thread-5746#
Step "Build Application Deploy Model" finished#
#2026 02 10 13:37:29.663#Z#DEBUG#9c54dc51-0685-11f1-a171-eeee0a8c759d.OPERATION#flowable-async-job-executor-thread-5746#
[CreateOrUpdateAppStep] Executing task "createAppTask" of process "a5030040-0685-11f1-a171-eeee0a8c759d"...#
#2026 02 10 13:37:29.664#Z#DEBUG#9c54dc51-0685-11f1-a171-eeee0a8c759d.OPERATION#flowable-async-job-executor-thread-5746#
[CreateOrUpdateAppStep] Getting application "myApp-db-deployer"...#
#2026 02 10 13:37:29.699#Z#INFO#9c54dc51-0685-11f1-a171-eeee0a8c759d.OPERATION#flowable-async-job-executor-thread-5746#
[CreateOrUpdateAppStep] Updating application "myApp-db-deployer"...#
#2026 02 10 13:37:29.711#Z#DEBUG#9c54dc51-0685-11f1-a171-eeee0a8c759d.OPERATION#flowable-async-job-executor-thread-5746#
[CreateOrUpdateAppStep] Getting process for application "ce463262-9d5c-4a3c-bfdb-253d84578892"...#
#2026 02 10 13:37:29.775#Z#DEBUG#9c54dc51-0685-11f1-a171-eeee0a8c759d.OPERATION#flowable-async-job-executor-thread-5746#
[CreateOrUpdateAppStep] Getting routes for application "ce463262-9d5c-4a3c-bfdb-253d84578892"...#
#2026 02 10 13:37:29.809#Z#DEBUG#9c54dc51-0685-11f1-a171-eeee0a8c759d.OPERATION#flowable-async-job-executor-thread-5746#
[CreateOrUpdateAppStep] Getting features for application "ce463262-9d5c-4a3c-bfdb-253d84578892"#
#2026 02 10 13:37:29.830#Z#DEBUG#9c54dc51-0685-11f1-a171-eeee0a8c759d.OPERATION#flowable-async-job-executor-thread-5746#
[CreateOrUpdateAppStep] Updating staging of application "myApp-db-deployer" to: {
  "isReadinessHealthCheckEnabled" : true,
  "buildpacks" : [ "nodejs_buildpack" ],
  "healthCheckType" : "port",
  "appFeatures" : { }
}#
#2026 02 10 13:37:30.126#Z#DEBUG#9c54dc51-0685-11f1-a171-eeee0a8c759d.OPERATION#flowable-async-job-executor-thread-5746#
[CreateOrUpdateAppStep] Application "myApp-db-deployer" updated#
#2026 02 10 13:37:30.126#Z#DEBUG#9c54dc51-0685-11f1-a171-eeee0a8c759d.OPERATION#flowable-async-job-executor-thread-5746#
[CreateOrUpdateAppStep] Getting environment of application "ce463262-9d5c-4a3c-bfdb-253d84578892"...#
#2026 02 10 13:37:30.234#Z#DEBUG#9c54dc51-0685-11f1-a171-eeee0a8c759d.OPERATION#flowable-async-job-executor-thread-5746#
[CreateOrUpdateAppStep] Application "myApp-db-deployer" updated#
#2026 02 10 13:37:30.234#Z#DEBUG#9c54dc51-0685-11f1-a171-eeee0a8c759d.OPERATION#flowable-async-job-executor-thread-5746#
Step "Create App" finished#
#2026 02 10 13:37:30.233#Z#DEBUG#9c54dc51-0685-11f1-a171-eeee0a8c759d.OPERATION#flowable-async-job-executor-thread-5742#
[ProcessDescriptorStep] Executing task "reprocessDescriptorTask" of process "a56f082a-0685-11f1-a171-eeee0a8c759d"...#
#2026 02 10 13:37:30.235#Z#DEBUG#9c54dc51-0685-11f1-a171-eeee0a8c759d.OPERATION#flowable-async-job-executor-thread-5742#
[ProcessDescriptorStep] Resolving properties and parameters in merged descriptor...#
#2026 02 10 13:37:30.238#Z#DEBUG#9c54dc51-0685-11f1-a171-eeee0a8c759d.OPERATION#flowable-async-job-executor-thread-5742#
[ProcessDescriptorStep] Subscriptions: [ ]#
#2026 02 10 13:37:30.247#Z#DEBUG#9c54dc51-0685-11f1-a171-eeee0a8c759d.OPERATION#flowable-async-job-executor-thread-5742#
[ProcessDescriptorStep] MTA modules: [myApp-db-deployer, myApp-srv]#
#2026 02 10 13:37:30.252#Z#DEBUG#9c54dc51-0685-11f1-a171-eeee0a8c759d.OPERATION#flowable-async-job-executor-thread-5742#
[ProcessDescriptorStep] Resolved deployment descriptor: {
  "majorSchemaVersion" : 3,
  "schemaVersion" : "3.3.0",
  "id" : "myApp",
  "version" : "1.0.0",
  "modules" : [ {
    "majorSchemaVersion" : 3,
    "name" : "myApp-srv",
    "type" : "javascript.nodejs",
    "path" : "myApp-srv",
    "properties" : { },
    "parameters" : {
      "default-url" : "https://48c15575trial-dev-myapp-srv.cfapps.ap21.hana.ondemand.com",
      "default-app-name" : "myApp-srv",
      "generated-password" : "********",
      "default-live-url" : "https://48c15575trial-dev-myapp-srv.cfapps.ap21.hana.ondemand.com",
      "default-uri" : "48c15575trial-dev-myapp-srv.cfapps.ap21.hana.ondemand.com",
      "default-instances" : 1,
      "default-live-host" : "48c15575trial-dev-myapp-srv",
      "instances" : 1,
      "buildpack" : "nodejs_buildpack",
      "default-host" : "48c15575trial-dev-myapp-srv",
      "app-name" : "myApp-srv",
      "default-live-uri" : "48c15575trial-dev-myapp-srv.cfapps.ap21.hana.ondemand.com",
      "protocol" : "https",
      "default-live-app-name" : "myApp-srv",
      "default-live-domain" : "cfapps.ap21.hana.ondemand.com",
      "domain" : "cfapps.ap21.hana.ondemand.com",
      "host" : "48c15575trial-dev-myapp-srv",
      "generated-user" : "********"
    },
    "requiredDependencies" : [ {
      "majorSchemaVersion" : 3,
      "name" : "********",
      "properties" : { },
      "parameters" : { },
      "propertiesMetadata" : {
        "metadata" : { }
      },
      "parametersMetadata" : {
        "metadata" : { }
      }
    }, {
      "majorSchemaVersion" : 3,
      "name" : "myApp-db",
      "properties" : { },
      "parameters" : { },
      "propertiesMetadata" : {
        "metadata" : { }
      },
      "parametersMetadata" : {
        "metadata" : { }
      }
    } ],
    "providedDependencies" : [ {
      "majorSchemaVersion" : 3,
      "name" : "srv-api",
      "isPublic" : false,
      "properties" : {
        "srv-url" : "https://48c15575trial-dev-myapp-srv.cfapps.ap21.hana.ondemand.com"
      },
      "parameters" : { },
      "propertiesMetadata" : {
        "metadata" : { }
      },
      "parametersMetadata" : {
        "metadata" : { }
      }
    }, {
      "majorSchemaVersion" : 3,
      "name" : "myApp-srv",
      "isPublic" : false,
      "properties" : { },
      "parameters" : { },
      "propertiesMetadata" : {
        "metadata" : { }
      },
      "parametersMetadata" : {
        "metadata" : { }
      }
    } ],
    "propertiesMetadata" : {
      "metadata" : { }
    },
    "parametersMetadata" : {
      "metadata" : { }
    },
    "hooks" : [ ]
  }, {
    "majorSchemaVersion" : 3,
    "name" : "myApp-db-deployer",
    "type" : "com.sap.xs.hdi",
    "path" : "myApp-db-deployer",
    "properties" : {
      "EXIT" : 1
    },
    "parameters" : {
      "default-url" : "https://48c15575trial-dev-myapp-db-deployer.cfapps.ap21.hana.ondemand.com",
      "default-app-name" : "myApp-db-deployer",
      "generated-password" : "********",
      "default-live-url" : "https://48c15575trial-dev-myapp-db-deployer.cfapps.ap21.hana.ondemand.com",
      "default-uri" : "48c15575trial-dev-myapp-db-deployer.cfapps.ap21.hana.ondemand.com",
      "memory" : "256M",
      "default-instances" : 1,
      "no-route" : true,
      "default-live-host" : "48c15575trial-dev-myapp-db-deployer",
      "instances" : 1,
      "buildpack" : "nodejs_buildpack",
      "default-host" : "48c15575trial-dev-myapp-db-deployer",
      "app-name" : "myApp-db-deployer",
      "default-live-uri" : "48c15575trial-dev-myapp-db-deployer.cfapps.ap21.hana.ondemand.com",
      "protocol" : "https",
      "default-live-app-name" : "myApp-db-deployer",
      "default-live-domain" : "cfapps.ap21.hana.ondemand.com",
      "dependency-type" : "hard",
      "domain" : "cfapps.ap21.hana.ondemand.com",
      "host" : "48c15575trial-dev-myapp-db-deployer",
      "generated-user" : "********",
      "tasks" : [ {
        "command" : "npm start",
        "memory" : "256M",
        "name" : "deploy"
      } ],
      "no-start" : true
    },
    "requiredDependencies" : [ {
      "majorSchemaVersion" : 3,
      "name" : "myApp-db",
      "properties" : { },
      "parameters" : { },
      "propertiesMetadata" : {
        "metadata" : { }
      },
      "parametersMetadata" : {
        "metadata" : { }
      }
    } ],
    "providedDependencies" : [ {
      "majorSchemaVersion" : 3,
      "name" : "myApp-db-deployer",
      "isPublic" : false,
      "properties" : { },
      "parameters" : { },
      "propertiesMetadata" : {
        "metadata" : { }
      },
      "parametersMetadata" : {
        "metadata" : { }
      }
    } ],
    "propertiesMetadata" : {
      "metadata" : { }
    },
    "parametersMetadata" : {
      "metadata" : { }
    },
    "hooks" : [ ]
  } ],
  "resources" : [ {
    "majorSchemaVersion" : 3,
    "name" : "********",
    "type" : "org.cloudfoundry.managed-service",
    "properties" : { },
    "parameters" : {
      "generated-password" : "********",
      "path" : "./xs-security.json",
      "service-name" : "********",
      "service-plan" : "application",
      "service" : "xsuaa",
      "generated-user" : "********",
      "default-xsappname" : "********",
      "type" : "managed-service",
      "config" : {
        "oauth2-configuration" : "********",
        "tenant-mode" : "dedicated",
        "xsappname" : "myApp-48c15575trial-dev"
      },
      "default-service-name" : "********",
      "default-container-name" : "********"
    },
    "isActive" : true,
    "isOptional" : false,
    "propertiesMetadata" : {
      "metadata" : { }
    },
    "parametersMetadata" : {
      "metadata" : { }
    },
    "requiredDependencies" : [ ],
    "processedAfter" : [ ]
  }, {
    "majorSchemaVersion" : 3,
    "name" : "myApp-db",
    "type" : "com.sap.xs.hdi-container",
    "properties" : { },
    "parameters" : {
      "generated-password" : "********",
      "service-name" : "myApp-db",
      "service-plan" : "hdi-shared",
      "service" : "hana",
      "generated-user" : "********",
      "default-xsappname" : "myApp-db",
      "type" : "managed-service",
      "default-service-name" : "myApp-db",
      "default-container-name" : "48C15575TRIAL_DEV_MYAPP_DB"
    },
    "isActive" : true,
    "isOptional" : false,
    "propertiesMetadata" : {
      "metadata" : { }
    },
    "parametersMetadata" : {
      "metadata" : { }
    },
    "requiredDependencies" : [ ],
    "processedAfter" : [ ]
  } ],
  "parameters" : {
    "mta-id" : "myApp",
    "authorization-url" : "********",
    "org-guid" : "3f90f8ce-816d-4c7e-aacf-5df8bdae9e0b",
    "org" : "48c15575trial",
    "deploy-target" : "48c15575trial dev",
    "enable-parallel-deployments" : true,
    "region-primary-domain" : "ap21.hana.ondemand.com",
    "space" : "dev",
    "region-domain" : "ap21.hana.ondemand.com",
    "xs-api-url" : "https://api.cf.ap21.hana.ondemand.com",
    "deploy-url" : "deploy-service.cfapps.ap21.hana.ondemand.com",
    "xs-type" : "CF",
    "default-domain" : "cfapps.ap21.hana.ondemand.com",
    "mta-version" : "1.0.0",
    "xs-auth-url" : "********",
    "space-guid" : "bdc633a2-72ca-4eb6-ab22-0458c65cc06d",
    "user" : "********",
    "controller-url" : "https://api.cf.ap21.hana.ondemand.com",
    "timestamp" : "20260210133714"
  },
  "parametersMetadata" : {
    "metadata" : { }
  }
}#
#2026 02 10 13:37:30.252#Z#DEBUG#9c54dc51-0685-11f1-a171-eeee0a8c759d.OPERATION#flowable-async-job-executor-thread-5742#
[ProcessDescriptorStep] Merged descriptor properties and parameters resolved#
#2026 02 10 13:37:30.252#Z#DEBUG#9c54dc51-0685-11f1-a171-eeee0a8c759d.OPERATION#flowable-async-job-executor-thread-5742#
Step "Re-Process Descriptor Step" finished#
#2026 02 10 13:37:30.319#Z#DEBUG#9c54dc51-0685-11f1-a171-eeee0a8c759d.OPERATION#flowable-async-job-executor-thread-5742#
[BuildApplicationDeployModelStep] Executing task "buildApplicationDeployModelTask" of process "a56f082a-0685-11f1-a171-eeee0a8c759d"...#
#2026 02 10 13:37:30.321#Z#DEBUG#9c54dc51-0685-11f1-a171-eeee0a8c759d.OPERATION#flowable-async-job-executor-thread-5742#
[BuildApplicationDeployModelStep] Building cloud deployment model for application "myApp-srv"...#
#2026 02 10 13:37:30.331#Z#DEBUG#9c54dc51-0685-11f1-a171-eeee0a8c759d.OPERATION#flowable-async-job-executor-thread-5742#
[BuildApplicationDeployModelStep] No health-check-type is specified. Setting default type: port#
#2026 02 10 13:37:30.332#Z#INFO#9c54dc51-0685-11f1-a171-eeee0a8c759d.OPERATION#flowable-async-job-executor-thread-5742#
[BuildApplicationDeployModelStep] Building configuration entries for org 48c15575trial, space dev, spaceId bdc633a2-72ca-4eb6-ab22-0458c65cc06d and namespace null!#
#2026 02 10 13:37:30.333#Z#DEBUG#9c54dc51-0685-11f1-a171-eeee0a8c759d.OPERATION#flowable-async-job-executor-thread-5742#
[BuildApplicationDeployModelStep] Configuration entries to publish: [ ]#
#2026 02 10 13:37:30.333#Z#DEBUG#9c54dc51-0685-11f1-a171-eeee0a8c759d.OPERATION#flowable-async-job-executor-thread-5742#
[BuildApplicationDeployModelStep] Cloud deployment model for application built#
#2026 02 10 13:37:30.333#Z#DEBUG#9c54dc51-0685-11f1-a171-eeee0a8c759d.OPERATION#flowable-async-job-executor-thread-5742#
Step "Build Application Deploy Model" finished#
#2026 02 10 13:37:30.373#Z#DEBUG#9c54dc51-0685-11f1-a171-eeee0a8c759d.OPERATION#flowable-async-job-executor-thread-5746#
[CheckServiceBindingOperationStep] Executing task "checkForServiceBindingOperationInProgress" of process "a58e9d52-0685-11f1-a171-eeee0a8c759d"...#
#2026 02 10 13:37:30.373#Z#DEBUG#9c54dc51-0685-11f1-a171-eeee0a8c759d.OPERATION#flowable-async-job-executor-thread-5746#
[CheckServiceBindingOperationStep] Checking for service binding operation in progress between app "myApp-db-deployer" and service instance "myApp-db"#
#2026 02 10 13:37:30.373#Z#DEBUG#9c54dc51-0685-11f1-a171-eeee0a8c759d.OPERATION#flowable-async-job-executor-thread-5746#
[CheckServiceBindingOperationStep] Getting application guid "myApp-db-deployer"...#
#2026 02 10 13:37:30.413#Z#DEBUG#9c54dc51-0685-11f1-a171-eeee0a8c759d.OPERATION#flowable-async-job-executor-thread-5746#
[CheckServiceBindingOperationStep] Getting GUID of required service instance "myApp-db"...#
#2026 02 10 13:37:30.443#Z#DEBUG#9c54dc51-0685-11f1-a171-eeee0a8c759d.OPERATION#flowable-async-job-executor-thread-5746#
[CheckServiceBindingOperationStep] Getting binding of service instance "a85aa41a-022a-4666-8237-a045628e0070" with application "ce463262-9d5c-4a3c-bfdb-253d84578892"...#
#2026 02 10 13:37:30.489#Z#DEBUG#9c54dc51-0685-11f1-a171-eeee0a8c759d.OPERATION#flowable-async-job-executor-thread-5746#
[CheckServiceBindingOperationStep] Service binding operation "a94b7f05-dbba-4147-8f21-a820526cdbe4" with type "create" is in state "succeeded"#
#2026 02 10 13:37:30.489#Z#DEBUG#9c54dc51-0685-11f1-a171-eeee0a8c759d.OPERATION#flowable-async-job-executor-thread-5746#
Step "Check For Service Binding Operation In Progress" finished#
#2026 02 10 13:37:30.398#Z#DEBUG#9c54dc51-0685-11f1-a171-eeee0a8c759d.OPERATION#flowable-async-job-executor-thread-5742#
[CreateOrUpdateAppStep] Executing task "createAppTask" of process "a56f082a-0685-11f1-a171-eeee0a8c759d"...#
#2026 02 10 13:37:30.399#Z#DEBUG#9c54dc51-0685-11f1-a171-eeee0a8c759d.OPERATION#flowable-async-job-executor-thread-5742#
[CreateOrUpdateAppStep] Getting application "myApp-srv"...#
#2026 02 10 13:37:30.442#Z#INFO#9c54dc51-0685-11f1-a171-eeee0a8c759d.OPERATION#flowable-async-job-executor-thread-5742#
[CreateOrUpdateAppStep] Updating application "myApp-srv"...#
#2026 02 10 13:37:30.453#Z#DEBUG#9c54dc51-0685-11f1-a171-eeee0a8c759d.OPERATION#flowable-async-job-executor-thread-5742#
[CreateOrUpdateAppStep] Getting process for application "12e5d8b8-5d2c-4293-b171-bcc032152fdf"...#
#2026 02 10 13:37:30.491#Z#DEBUG#9c54dc51-0685-11f1-a171-eeee0a8c759d.OPERATION#flowable-async-job-executor-thread-5742#
[CreateOrUpdateAppStep] Getting routes for application "12e5d8b8-5d2c-4293-b171-bcc032152fdf"...#
#2026 02 10 13:37:30.534#Z#DEBUG#9c54dc51-0685-11f1-a171-eeee0a8c759d.OPERATION#flowable-async-job-executor-thread-5742#
[CreateOrUpdateAppStep] Getting features for application "12e5d8b8-5d2c-4293-b171-bcc032152fdf"#
#2026 02 10 13:37:30.583#Z#DEBUG#9c54dc51-0685-11f1-a171-eeee0a8c759d.OPERATION#flowable-async-job-executor-thread-5742#
[CreateOrUpdateAppStep] Updating staging of application "myApp-srv" to: {
  "isReadinessHealthCheckEnabled" : true,
  "buildpacks" : [ "nodejs_buildpack" ],
  "healthCheckType" : "port",
  "appFeatures" : { }
}#
#2026 02 10 13:37:30.842#Z#DEBUG#9c54dc51-0685-11f1-a171-eeee0a8c759d.OPERATION#flowable-async-job-executor-thread-5742#
[CreateOrUpdateAppStep] Application "myApp-srv" updated#
#2026 02 10 13:37:30.842#Z#DEBUG#9c54dc51-0685-11f1-a171-eeee0a8c759d.OPERATION#flowable-async-job-executor-thread-5742#
[CreateOrUpdateAppStep] Getting environment of application "12e5d8b8-5d2c-4293-b171-bcc032152fdf"...#
#2026 02 10 13:37:30.949#Z#DEBUG#9c54dc51-0685-11f1-a171-eeee0a8c759d.OPERATION#flowable-async-job-executor-thread-5742#
[CreateOrUpdateAppStep] Application "myApp-srv" updated#
#2026 02 10 13:37:30.949#Z#DEBUG#9c54dc51-0685-11f1-a171-eeee0a8c759d.OPERATION#flowable-async-job-executor-thread-5742#
Step "Create App" finished#
#2026 02 10 13:37:30.567#Z#DEBUG#9c54dc51-0685-11f1-a171-eeee0a8c759d.OPERATION#flowable-async-job-executor-thread-5746#
[DetermineApplicationServiceBindingActionsStep] Executing task "determineApplicationServiceBindingActionsTask" of process "a58e9d52-0685-11f1-a171-eeee0a8c759d"...#
#2026 02 10 13:37:30.568#Z#DEBUG#9c54dc51-0685-11f1-a171-eeee0a8c759d.OPERATION#flowable-async-job-executor-thread-5746#
[DetermineApplicationServiceBindingActionsStep] Determine bind/unbind operations of application "myApp-db-deployer" to service instance "myApp-db"#
#2026 02 10 13:37:30.568#Z#DEBUG#9c54dc51-0685-11f1-a171-eeee0a8c759d.OPERATION#flowable-async-job-executor-thread-5746#
[DetermineApplicationServiceBindingActionsStep] Getting application "myApp-db-deployer"...#
#2026 02 10 13:37:30.610#Z#DEBUG#9c54dc51-0685-11f1-a171-eeee0a8c759d.OPERATION#flowable-async-job-executor-thread-5746#
[DetermineApplicationServiceBindingActionsStep] Binding parameters for application "myApp-db-deployer": { }#
#2026 02 10 13:37:30.660#Z#DEBUG#9c54dc51-0685-11f1-a171-eeee0a8c759d.OPERATION#flowable-async-job-executor-thread-5746#
[DetermineApplicationServiceBindingActionsStep] Check should rebind application "myApp-db-deployer" and service instance "myApp-db"#
#2026 02 10 13:37:30.660#Z#DEBUG#9c54dc51-0685-11f1-a171-eeee0a8c759d.OPERATION#flowable-async-job-executor-thread-5746#
[DetermineApplicationServiceBindingActionsStep] Getting GUID of required service instance "myApp-db"...#
#2026 02 10 13:37:30.698#Z#DEBUG#9c54dc51-0685-11f1-a171-eeee0a8c759d.OPERATION#flowable-async-job-executor-thread-5746#
[DetermineApplicationServiceBindingActionsStep] Getting binding of service instance "a85aa41a-022a-4666-8237-a045628e0070" with application "ce463262-9d5c-4a3c-bfdb-253d84578892"...#
#2026 02 10 13:37:30.727#Z#DEBUG#9c54dc51-0685-11f1-a171-eeee0a8c759d.OPERATION#flowable-async-job-executor-thread-5746#
[DetermineApplicationServiceBindingActionsStep] Getting parameters of service binding "a94b7f05-dbba-4147-8f21-a820526cdbe4"...#
#2026 02 10 13:37:30.985#Z#INFO#9c54dc51-0685-11f1-a171-eeee0a8c759d.OPERATION#flowable-async-job-executor-thread-5746#
[DetermineApplicationServiceBindingActionsStep] Service instance "myApp-db" will not be rebound to application "myApp-db-deployer" because the binding parameters are not modified#
#2026 02 10 13:37:30.998#Z#DEBUG#9c54dc51-0685-11f1-a171-eeee0a8c759d.OPERATION#flowable-async-job-executor-thread-5746#
[DetermineApplicationServiceBindingActionsStep] Calculated binding operations between application "myApp-db-deployer" and service instance "myApp-db": unbind - false bind - false#
#2026 02 10 13:37:30.998#Z#DEBUG#9c54dc51-0685-11f1-a171-eeee0a8c759d.OPERATION#flowable-async-job-executor-thread-5746#
Step "Determine Application Service Binding Actions" finished#
#2026 02 10 13:37:31.193#Z#DEBUG#9c54dc51-0685-11f1-a171-eeee0a8c759d.OPERATION#flowable-async-job-executor-thread-5746#
[DetermineVcapServicesPropertiesChangedStep] Executing task "determineVcapServicesPropertiesChangedTask" of process "a6077739-0685-11f1-a171-eeee0a8c759d"...#
#2026 02 10 13:37:31.196#Z#DEBUG#9c54dc51-0685-11f1-a171-eeee0a8c759d.OPERATION#flowable-async-job-executor-thread-5746#
[DetermineVcapServicesPropertiesChangedStep] VCAP_SERVICES properties for application "myApp-db-deployer" changed: false#
#2026 02 10 13:37:31.196#Z#DEBUG#9c54dc51-0685-11f1-a171-eeee0a8c759d.OPERATION#flowable-async-job-executor-thread-5746#
Step "Determine vcap services properties changed" finished#
#2026 02 10 13:37:31.108#Z#DEBUG#9c54dc51-0685-11f1-a171-eeee0a8c759d.OPERATION#flowable-async-job-executor-thread-5742#
[CheckServiceBindingOperationStep] Executing task "checkForServiceBindingOperationInProgress" of process "a5fc53a1-0685-11f1-a171-eeee0a8c759d"...#
#2026 02 10 13:37:31.108#Z#DEBUG#9c54dc51-0685-11f1-a171-eeee0a8c759d.OPERATION#flowable-async-job-executor-thread-5742#
[CheckServiceBindingOperationStep] Checking for service binding operation in progress between app "myApp-srv" and service instance "myApp-auth"#
#2026 02 10 13:37:31.108#Z#DEBUG#9c54dc51-0685-11f1-a171-eeee0a8c759d.OPERATION#flowable-async-job-executor-thread-5742#
[CheckServiceBindingOperationStep] Getting application guid "myApp-srv"...#
#2026 02 10 13:37:31.153#Z#DEBUG#9c54dc51-0685-11f1-a171-eeee0a8c759d.OPERATION#flowable-async-job-executor-thread-5742#
[CheckServiceBindingOperationStep] Getting GUID of required service instance "myApp-auth"...#
#2026 02 10 13:37:31.194#Z#DEBUG#9c54dc51-0685-11f1-a171-eeee0a8c759d.OPERATION#flowable-async-job-executor-thread-5742#
[CheckServiceBindingOperationStep] Getting binding of service instance "ed5a9a7b-227e-484e-b2d5-f9b50232e6d7" with application "12e5d8b8-5d2c-4293-b171-bcc032152fdf"...#
#2026 02 10 13:37:31.241#Z#DEBUG#9c54dc51-0685-11f1-a171-eeee0a8c759d.OPERATION#flowable-async-job-executor-thread-5742#
[CheckServiceBindingOperationStep] Service binding operation "dd37ef52-bf37-4a92-b7e7-cb9717b380c8" with type "create" is in state "succeeded"#
#2026 02 10 13:37:31.241#Z#DEBUG#9c54dc51-0685-11f1-a171-eeee0a8c759d.OPERATION#flowable-async-job-executor-thread-5742#
Step "Check For Service Binding Operation In Progress" finished#
#2026 02 10 13:37:31.246#Z#DEBUG#9c54dc51-0685-11f1-a171-eeee0a8c759d.OPERATION#flowable-async-job-executor-thread-5746#
[UploadAppStep] Executing task "uploadAppTask" of process "a6077739-0685-11f1-a171-eeee0a8c759d"...#
#2026 02 10 13:37:31.248#Z#DEBUG#9c54dc51-0685-11f1-a171-eeee0a8c759d.OPERATION#flowable-async-job-executor-thread-5746#
[UploadAppStep] Application upload timeout is default one: 3,600 seconds#
#2026 02 10 13:37:31.248#Z#INFO#9c54dc51-0685-11f1-a171-eeee0a8c759d.OPERATION#flowable-async-job-executor-thread-5746#
[UploadAppStep] Uploading application "myApp-db-deployer"...#
#2026 02 10 13:37:31.257#Z#DEBUG#9c54dc51-0685-11f1-a171-eeee0a8c759d.OPERATION#flowable-async-job-executor-thread-5746#
[UploadAppStep] Getting application "myApp-db-deployer"...#
#2026 02 10 13:37:31.301#Z#DEBUG#9c54dc51-0685-11f1-a171-eeee0a8c759d.OPERATION#flowable-async-job-executor-thread-5746#
[UploadAppStep] Getting environment of application "ce463262-9d5c-4a3c-bfdb-253d84578892"...#
#2026 02 10 13:37:31.345#Z#INFO#9c54dc51-0685-11f1-a171-eeee0a8c759d.OPERATION#flowable-async-job-executor-thread-5746#
[UploadAppStep] Calculating application digest: "myApp-db-deployer"#
#2026 02 10 13:37:31.462#Z#DEBUG#9c54dc51-0685-11f1-a171-eeee0a8c759d.OPERATION#flowable-async-job-executor-thread-5746#
Step "Upload App" finished#
#2026 02 10 13:37:31.290#Z#DEBUG#9c54dc51-0685-11f1-a171-eeee0a8c759d.OPERATION#flowable-async-job-executor-thread-5742#
[DetermineApplicationServiceBindingActionsStep] Executing task "determineApplicationServiceBindingActionsTask" of process "a5fc53a1-0685-11f1-a171-eeee0a8c759d"...#
#2026 02 10 13:37:31.291#Z#DEBUG#9c54dc51-0685-11f1-a171-eeee0a8c759d.OPERATION#flowable-async-job-executor-thread-5742#
[DetermineApplicationServiceBindingActionsStep] Determine bind/unbind operations of application "myApp-srv" to service instance "myApp-auth"#
#2026 02 10 13:37:31.291#Z#DEBUG#9c54dc51-0685-11f1-a171-eeee0a8c759d.OPERATION#flowable-async-job-executor-thread-5742#
[DetermineApplicationServiceBindingActionsStep] Getting application "myApp-srv"...#
#2026 02 10 13:37:31.324#Z#DEBUG#9c54dc51-0685-11f1-a171-eeee0a8c759d.OPERATION#flowable-async-job-executor-thread-5742#
[DetermineApplicationServiceBindingActionsStep] Binding parameters for application "myApp-srv": { }#
#2026 02 10 13:37:31.379#Z#DEBUG#9c54dc51-0685-11f1-a171-eeee0a8c759d.OPERATION#flowable-async-job-executor-thread-5742#
[DetermineApplicationServiceBindingActionsStep] Check should rebind application "myApp-srv" and service instance "myApp-auth"#
#2026 02 10 13:37:31.379#Z#DEBUG#9c54dc51-0685-11f1-a171-eeee0a8c759d.OPERATION#flowable-async-job-executor-thread-5742#
[DetermineApplicationServiceBindingActionsStep] Getting GUID of required service instance "myApp-auth"...#
#2026 02 10 13:37:31.411#Z#DEBUG#9c54dc51-0685-11f1-a171-eeee0a8c759d.OPERATION#flowable-async-job-executor-thread-5742#
[DetermineApplicationServiceBindingActionsStep] Getting binding of service instance "ed5a9a7b-227e-484e-b2d5-f9b50232e6d7" with application "12e5d8b8-5d2c-4293-b171-bcc032152fdf"...#
#2026 02 10 13:37:31.501#Z#DEBUG#9c54dc51-0685-11f1-a171-eeee0a8c759d.OPERATION#flowable-async-job-executor-thread-5742#
[DetermineApplicationServiceBindingActionsStep] Getting parameters of service binding "dd37ef52-bf37-4a92-b7e7-cb9717b380c8"...#
#2026 02 10 13:37:31.553#Z#WARN#9c54dc51-0685-11f1-a171-eeee0a8c759d.OPERATION#flowable-async-job-executor-thread-5742#
[DetermineApplicationServiceBindingActionsStep] Cannot retrieve parameters of binding between application "myApp-srv" and service instance "myApp-auth"#
#2026 02 10 13:37:31.555#Z#DEBUG#9c54dc51-0685-11f1-a171-eeee0a8c759d.OPERATION#flowable-async-job-executor-thread-5742#
[DetermineApplicationServiceBindingActionsStep] Calculated binding operations between application "myApp-srv" and service instance "myApp-auth": unbind - true bind - true#
#2026 02 10 13:37:31.555#Z#DEBUG#9c54dc51-0685-11f1-a171-eeee0a8c759d.OPERATION#flowable-async-job-executor-thread-5742#
Step "Determine Application Service Binding Actions" finished#
#2026 02 10 13:37:31.623#Z#DEBUG#9c54dc51-0685-11f1-a171-eeee0a8c759d.OPERATION#flowable-async-job-executor-thread-5742#
[UnbindServiceFromApplicationStep] Executing task "unbindServiceFromApplicationTask" of process "a5fc53a1-0685-11f1-a171-eeee0a8c759d"...#
#2026 02 10 13:37:31.626#Z#INFO#9c54dc51-0685-11f1-a171-eeee0a8c759d.OPERATION#flowable-async-job-executor-thread-5742#
[UnbindServiceFromApplicationStep] Unbinding service instance "myApp-auth" from application "myApp-srv"...#
#2026 02 10 13:37:31.635#Z#DEBUG#9c54dc51-0685-11f1-a171-eeee0a8c759d.OPERATION#flowable-async-job-executor-thread-5742#
[UnbindServiceFromApplicationStep] Unbinding application "myApp-srv" from service instance "myApp-auth"...#
#2026 02 10 13:37:31.798#Z#DEBUG#9c54dc51-0685-11f1-a171-eeee0a8c759d.OPERATION#flowable-async-job-executor-thread-5742#
Step "Unbind Service from Application" finished#
#2026 02 10 13:37:31.626#Z#DEBUG#9c54dc51-0685-11f1-a171-eeee0a8c759d.OPERATION#flowable-async-job-executor-thread-13002#
[CheckServiceBindingOperationStep] Executing task "checkForServiceBindingOperationInProgress" of process "a64d5a28-0685-11f1-a4dd-eeee0a8ee47e"...#
#2026 02 10 13:37:31.626#Z#DEBUG#9c54dc51-0685-11f1-a171-eeee0a8c759d.OPERATION#flowable-async-job-executor-thread-13002#
[CheckServiceBindingOperationStep] Checking for service binding operation in progress between app "myApp-srv" and service instance "myApp-db"#
#2026 02 10 13:37:31.701#Z#DEBUG#9c54dc51-0685-11f1-a171-eeee0a8c759d.OPERATION#flowable-async-job-executor-thread-13002#
[CheckServiceBindingOperationStep] Getting application guid "myApp-srv"...#
#2026 02 10 13:37:31.792#Z#DEBUG#9c54dc51-0685-11f1-a171-eeee0a8c759d.OPERATION#flowable-async-job-executor-thread-13002#
[CheckServiceBindingOperationStep] Getting GUID of required service instance "myApp-db"...#
#2026 02 10 13:37:31.855#Z#DEBUG#9c54dc51-0685-11f1-a171-eeee0a8c759d.OPERATION#flowable-async-job-executor-thread-13002#
[CheckServiceBindingOperationStep] Getting binding of service instance "a85aa41a-022a-4666-8237-a045628e0070" with application "12e5d8b8-5d2c-4293-b171-bcc032152fdf"...#
#2026 02 10 13:37:31.895#Z#DEBUG#9c54dc51-0685-11f1-a171-eeee0a8c759d.OPERATION#flowable-async-job-executor-thread-13002#
[CheckServiceBindingOperationStep] Service binding operation "c8fb9ccb-7a20-450c-9669-c73ee183b011" with type "create" is in state "succeeded"#
#2026 02 10 13:37:31.895#Z#DEBUG#9c54dc51-0685-11f1-a171-eeee0a8c759d.OPERATION#flowable-async-job-executor-thread-13002#
Step "Check For Service Binding Operation In Progress" finished#
#2026 02 10 13:37:31.936#Z#DEBUG#9c54dc51-0685-11f1-a171-eeee0a8c759d.OPERATION#flowable-async-job-executor-thread-13003#
[DetermineApplicationServiceBindingActionsStep] Executing task "determineApplicationServiceBindingActionsTask" of process "a64d5a28-0685-11f1-a4dd-eeee0a8ee47e"...#
#2026 02 10 13:37:31.937#Z#DEBUG#9c54dc51-0685-11f1-a171-eeee0a8c759d.OPERATION#flowable-async-job-executor-thread-13003#
[DetermineApplicationServiceBindingActionsStep] Determine bind/unbind operations of application "myApp-srv" to service instance "myApp-db"#
#2026 02 10 13:37:31.937#Z#DEBUG#9c54dc51-0685-11f1-a171-eeee0a8c759d.OPERATION#flowable-async-job-executor-thread-13003#
[DetermineApplicationServiceBindingActionsStep] Getting application "myApp-srv"...#
#2026 02 10 13:37:31.976#Z#DEBUG#9c54dc51-0685-11f1-a171-eeee0a8c759d.OPERATION#flowable-async-job-executor-thread-13003#
[DetermineApplicationServiceBindingActionsStep] Binding parameters for application "myApp-srv": { }#
#2026 02 10 13:37:32.027#Z#DEBUG#9c54dc51-0685-11f1-a171-eeee0a8c759d.OPERATION#flowable-async-job-executor-thread-13003#
[DetermineApplicationServiceBindingActionsStep] Check should rebind application "myApp-srv" and service instance "myApp-db"#
#2026 02 10 13:37:32.027#Z#DEBUG#9c54dc51-0685-11f1-a171-eeee0a8c759d.OPERATION#flowable-async-job-executor-thread-13003#
[DetermineApplicationServiceBindingActionsStep] Getting GUID of required service instance "myApp-db"...#
#2026 02 10 13:37:32.065#Z#DEBUG#9c54dc51-0685-11f1-a171-eeee0a8c759d.OPERATION#flowable-async-job-executor-thread-13003#
[DetermineApplicationServiceBindingActionsStep] Getting binding of service instance "a85aa41a-022a-4666-8237-a045628e0070" with application "12e5d8b8-5d2c-4293-b171-bcc032152fdf"...#
#2026 02 10 13:37:32.104#Z#DEBUG#9c54dc51-0685-11f1-a171-eeee0a8c759d.OPERATION#flowable-async-job-executor-thread-13003#
[DetermineApplicationServiceBindingActionsStep] Getting parameters of service binding "c8fb9ccb-7a20-450c-9669-c73ee183b011"...#
#2026 02 10 13:37:32.312#Z#INFO#9c54dc51-0685-11f1-a171-eeee0a8c759d.OPERATION#flowable-async-job-executor-thread-13003#
[DetermineApplicationServiceBindingActionsStep] Service instance "myApp-db" will not be rebound to application "myApp-srv" because the binding parameters are not modified#
#2026 02 10 13:37:32.321#Z#DEBUG#9c54dc51-0685-11f1-a171-eeee0a8c759d.OPERATION#flowable-async-job-executor-thread-13003#
[DetermineApplicationServiceBindingActionsStep] Calculated binding operations between application "myApp-srv" and service instance "myApp-db": unbind - false bind - false#
#2026 02 10 13:37:32.321#Z#DEBUG#9c54dc51-0685-11f1-a171-eeee0a8c759d.OPERATION#flowable-async-job-executor-thread-13003#
Step "Determine Application Service Binding Actions" finished#
#2026 02 10 13:37:38.741#Z#DEBUG#9c54dc51-0685-11f1-a171-eeee0a8c759d.OPERATION#flowable-async-job-executor-thread-13008#
[UnbindServiceFromApplicationStep] Executing task "unbindServiceFromApplicationTask" of process "a5fc53a1-0685-11f1-a171-eeee0a8c759d"...#
#2026 02 10 13:37:38.742#Z#DEBUG#9c54dc51-0685-11f1-a171-eeee0a8c759d.OPERATION#flowable-async-job-executor-thread-13008#
[UnbindServiceFromApplicationStep] Getting async job "265e52cc-eeb8-42a9-85a7-a613891882f7"#
#2026 02 10 13:37:38.777#Z#DEBUG#9c54dc51-0685-11f1-a171-eeee0a8c759d.OPERATION#flowable-async-job-executor-thread-13008#
[UnbindServiceFromApplicationStep] Getting service instance "myApp-auth"...#
#2026 02 10 13:37:38.890#Z#DEBUG#9c54dc51-0685-11f1-a171-eeee0a8c759d.OPERATION#flowable-async-job-executor-thread-13008#
[UnbindServiceFromApplicationStep] Async service binding operation with id "265e52cc-eeb8-42a9-85a7-a613891882f7" finished#
#2026 02 10 13:37:38.892#Z#DEBUG#9c54dc51-0685-11f1-a171-eeee0a8c759d.OPERATION#flowable-async-job-executor-thread-13008#
Step "Unbind Service from Application" finished#
#2026 02 10 13:37:38.943#Z#DEBUG#9c54dc51-0685-11f1-a171-eeee0a8c759d.OPERATION#flowable-async-job-executor-thread-13009#
[BindServiceToApplicationStep] Executing task "bindServiceToApplicationTask" of process "a5fc53a1-0685-11f1-a171-eeee0a8c759d"...#
#2026 02 10 13:37:38.945#Z#INFO#9c54dc51-0685-11f1-a171-eeee0a8c759d.OPERATION#flowable-async-job-executor-thread-13009#
[BindServiceToApplicationStep] Binding service instance "myApp-auth" to application "myApp-srv"...#
#2026 02 10 13:37:38.954#Z#DEBUG#9c54dc51-0685-11f1-a171-eeee0a8c759d.OPERATION#flowable-async-job-executor-thread-13009#
[BindServiceToApplicationStep] Binding service instance "myApp-auth" to application "myApp-srv" with parameters: { }#
#2026 02 10 13:37:39.112#Z#DEBUG#9c54dc51-0685-11f1-a171-eeee0a8c759d.OPERATION#flowable-async-job-executor-thread-13009#
Step "Bind Service to Application" finished#
#2026 02 10 13:37:38.719#Z#DEBUG#9c54dc51-0685-11f1-a171-eeee0a8c759d.OPERATION#flowable-async-job-executor-thread-13007#
[UploadAppStep] Executing task "uploadAppTask" of process "a6077739-0685-11f1-a171-eeee0a8c759d"...#
#2026 02 10 13:37:38.721#Z#DEBUG#9c54dc51-0685-11f1-a171-eeee0a8c759d.OPERATION#flowable-async-job-executor-thread-13007#
[UploadAppStep] Application upload timeout is default one: 3,600 seconds#
#2026 02 10 13:37:38.722#Z#DEBUG#9c54dc51-0685-11f1-a171-eeee0a8c759d.OPERATION#pool-20-thread-3#
[UploadAppStep] Upload of application: myApp-db-deployer started on instance: 0#
#2026 02 10 13:37:38.722#Z#DEBUG#9c54dc51-0685-11f1-a171-eeee0a8c759d.OPERATION#pool-20-thread-3#
[UploadAppStep] Uploading file "myApp-db-deployer/data.zip" for application "myApp-db-deployer"#
#2026 02 10 13:37:38.790#Z#INFO#9c54dc51-0685-11f1-a171-eeee0a8c759d.OPERATION#pool-20-thread-3#
[UploadAppStep] Time elapsed for app binary download: 66 in millis#
#2026 02 10 13:37:38.790#Z#INFO#9c54dc51-0685-11f1-a171-eeee0a8c759d.OPERATION#pool-20-thread-3#
[UploadAppStep] Size of app myApp-db-deployer is 2,419,834 bytes#
#2026 02 10 13:37:38.790#Z#DEBUG#9c54dc51-0685-11f1-a171-eeee0a8c759d.OPERATION#pool-20-thread-3#
[UploadAppStep] Asynchronously uploading binaries for application "myApp-db-deployer"...#
#2026 02 10 13:37:39.045#Z#INFO#9c54dc51-0685-11f1-a171-eeee0a8c759d.OPERATION#pool-20-thread-3#
[UploadAppStep] Started async upload of application "myApp-db-deployer"#
#2026 02 10 13:37:39.056#Z#INFO#9c54dc51-0685-11f1-a171-eeee0a8c759d.OPERATION#flowable-async-job-executor-thread-13007#
[UploadAppStep] Time elapsed for upload: 334 in millis#
#2026 02 10 13:37:39.056#Z#DEBUG#9c54dc51-0685-11f1-a171-eeee0a8c759d.OPERATION#flowable-async-job-executor-thread-13007#
[UploadAppStep] Getting application "myApp-db-deployer"...#
#2026 02 10 13:37:39.085#Z#DEBUG#9c54dc51-0685-11f1-a171-eeee0a8c759d.OPERATION#App upload monitor: d1913738-07cb-4468-bea8-b186efc507f2#
[UploadAppStep] Upload status: PROCESSING_UPLOAD#
#2026 02 10 13:37:39.099#Z#DEBUG#9c54dc51-0685-11f1-a171-eeee0a8c759d.OPERATION#flowable-async-job-executor-thread-13007#
[UploadAppStep] Getting environment of application "ce463262-9d5c-4a3c-bfdb-253d84578892"...#
#2026 02 10 13:37:39.160#Z#DEBUG#9c54dc51-0685-11f1-a171-eeee0a8c759d.OPERATION#flowable-async-job-executor-thread-13007#
[UploadAppStep] Updating environment of application "myApp-db-deployer"#
#2026 02 10 13:37:39.262#Z#DEBUG#9c54dc51-0685-11f1-a171-eeee0a8c759d.OPERATION#flowable-async-job-executor-thread-13007#
Step "Upload App" finished#
#2026 02 10 13:37:44.123#Z#DEBUG#9c54dc51-0685-11f1-a171-eeee0a8c759d.OPERATION#App upload monitor: d1913738-07cb-4468-bea8-b186efc507f2#
[UploadAppStep] Upload status: READY#
#2026 02 10 13:37:48.750#Z#DEBUG#9c54dc51-0685-11f1-a171-eeee0a8c759d.OPERATION#flowable-async-job-executor-thread-13013#
[UploadAppStep] Executing task "uploadAppTask" of process "a6077739-0685-11f1-a171-eeee0a8c759d"...#
#2026 02 10 13:37:48.751#Z#DEBUG#9c54dc51-0685-11f1-a171-eeee0a8c759d.OPERATION#flowable-async-job-executor-thread-13013#
[UploadAppStep] Application upload timeout is default one: 3,600 seconds#
#2026 02 10 13:37:48.751#Z#DEBUG#9c54dc51-0685-11f1-a171-eeee0a8c759d.OPERATION#flowable-async-job-executor-thread-13013#
[UploadAppStep] Checking upload status of application "myApp-db-deployer"...#
#2026 02 10 13:37:48.751#Z#DEBUG#9c54dc51-0685-11f1-a171-eeee0a8c759d.OPERATION#flowable-async-job-executor-thread-13013#
[UploadAppStep] Getting package "d1913738-07cb-4468-bea8-b186efc507f2"...#
#2026 02 10 13:37:48.795#Z#DEBUG#9c54dc51-0685-11f1-a171-eeee0a8c759d.OPERATION#flowable-async-job-executor-thread-13013#
[UploadAppStep] Application "myApp-db-deployer" uploaded#
#2026 02 10 13:37:48.796#Z#DEBUG#9c54dc51-0685-11f1-a171-eeee0a8c759d.OPERATION#flowable-async-job-executor-thread-13013#
Step "Upload App" finished#
#2026 02 10 13:37:48.735#Z#DEBUG#9c54dc51-0685-11f1-a171-eeee0a8c759d.OPERATION#flowable-async-job-executor-thread-13012#
[BindServiceToApplicationStep] Executing task "bindServiceToApplicationTask" of process "a5fc53a1-0685-11f1-a171-eeee0a8c759d"...#
#2026 02 10 13:37:48.736#Z#DEBUG#9c54dc51-0685-11f1-a171-eeee0a8c759d.OPERATION#flowable-async-job-executor-thread-13012#
[BindServiceToApplicationStep] Getting async job "2860010b-3be1-459e-88f8-d7ff40e79835"#
#2026 02 10 13:37:48.774#Z#DEBUG#9c54dc51-0685-11f1-a171-eeee0a8c759d.OPERATION#flowable-async-job-executor-thread-13012#
[BindServiceToApplicationStep] Getting service instance "myApp-auth"...#
#2026 02 10 13:37:48.892#Z#DEBUG#9c54dc51-0685-11f1-a171-eeee0a8c759d.OPERATION#flowable-async-job-executor-thread-13012#
[BindServiceToApplicationStep] Async service binding operation with id "2860010b-3be1-459e-88f8-d7ff40e79835" finished#
#2026 02 10 13:37:48.893#Z#DEBUG#9c54dc51-0685-11f1-a171-eeee0a8c759d.OPERATION#flowable-async-job-executor-thread-13012#
Step "Bind Service to Application" finished#
#2026 02 10 13:37:48.846#Z#DEBUG#9c54dc51-0685-11f1-a171-eeee0a8c759d.OPERATION#flowable-async-job-executor-thread-13014#
[ScaleAppStep] Executing task "scaleAppTask" of process "a6077739-0685-11f1-a171-eeee0a8c759d"...#
#2026 02 10 13:37:48.848#Z#DEBUG#9c54dc51-0685-11f1-a171-eeee0a8c759d.OPERATION#flowable-async-job-executor-thread-13014#
[ScaleAppStep] Scaling application "myApp-db-deployer"...#
#2026 02 10 13:37:48.848#Z#DEBUG#9c54dc51-0685-11f1-a171-eeee0a8c759d.OPERATION#flowable-async-job-executor-thread-13014#
[ScaleAppStep] Getting application guid "myApp-db-deployer"...#
#2026 02 10 13:37:48.880#Z#DEBUG#9c54dc51-0685-11f1-a171-eeee0a8c759d.OPERATION#flowable-async-job-executor-thread-13014#
[ScaleAppStep] Getting process for application "ce463262-9d5c-4a3c-bfdb-253d84578892"...#
#2026 02 10 13:37:48.925#Z#DEBUG#9c54dc51-0685-11f1-a171-eeee0a8c759d.OPERATION#flowable-async-job-executor-thread-13014#
[ScaleAppStep] Application "myApp-db-deployer" scaled#
#2026 02 10 13:37:48.925#Z#DEBUG#9c54dc51-0685-11f1-a171-eeee0a8c759d.OPERATION#flowable-async-job-executor-thread-13014#
Step "Scale App" finished#
#2026 02 10 13:37:48.967#Z#DEBUG#9c54dc51-0685-11f1-a171-eeee0a8c759d.OPERATION#flowable-async-job-executor-thread-13016#
[DetermineDesiredStateAchievingActionsStep] Executing task "determineDesiredStateAchievingActionsTask" of process "a6077739-0685-11f1-a171-eeee0a8c759d"...#
#2026 02 10 13:37:48.968#Z#DEBUG#9c54dc51-0685-11f1-a171-eeee0a8c759d.OPERATION#flowable-async-job-executor-thread-13016#
[DetermineDesiredStateAchievingActionsStep] Getting application "myApp-db-deployer"...#
#2026 02 10 13:37:49.003#Z#DEBUG#9c54dc51-0685-11f1-a171-eeee0a8c759d.OPERATION#flowable-async-job-executor-thread-13016#
[DetermineDesiredStateAchievingActionsStep] Getting instances for application "myApp-db-deployer"...#
#2026 02 10 13:37:49.003#Z#DEBUG#9c54dc51-0685-11f1-a171-eeee0a8c759d.OPERATION#flowable-async-job-executor-thread-13016#
[DetermineDesiredStateAchievingActionsStep] Getting environment of application "ce463262-9d5c-4a3c-bfdb-253d84578892"...#
#2026 02 10 13:37:49.048#Z#DEBUG#9c54dc51-0685-11f1-a171-eeee0a8c759d.OPERATION#flowable-async-job-executor-thread-13016#
[DetermineDesiredStateAchievingActionsStep] Current state of application myApp-db-deployer: STOPPED#
#2026 02 10 13:37:49.048#Z#DEBUG#9c54dc51-0685-11f1-a171-eeee0a8c759d.OPERATION#flowable-async-job-executor-thread-13016#
[DetermineDesiredStateAchievingActionsStep] Desired state of application myApp-db-deployer: STOPPED#
#2026 02 10 13:37:49.049#Z#DEBUG#9c54dc51-0685-11f1-a171-eeee0a8c759d.OPERATION#flowable-async-job-executor-thread-13016#
[DetermineDesiredStateAchievingActionsStep] Actions that should be executed on application myApp-db-deployer: [STAGE]#
#2026 02 10 13:37:49.049#Z#DEBUG#9c54dc51-0685-11f1-a171-eeee0a8c759d.OPERATION#flowable-async-job-executor-thread-13016#
Step "Determine Desired State Achieving Actions" finished#
#2026 02 10 13:37:49.062#Z#DEBUG#9c54dc51-0685-11f1-a171-eeee0a8c759d.OPERATION#flowable-async-job-executor-thread-13017#
[DetermineVcapServicesPropertiesChangedStep] Executing task "determineVcapServicesPropertiesChangedTask" of process "b0ae83dd-0685-11f1-a4dd-eeee0a8ee47e"...#
#2026 02 10 13:37:49.065#Z#DEBUG#9c54dc51-0685-11f1-a171-eeee0a8c759d.OPERATION#flowable-async-job-executor-thread-13017#
[DetermineVcapServicesPropertiesChangedStep] VCAP_SERVICES properties for application "myApp-srv" changed: true#
#2026 02 10 13:37:49.065#Z#DEBUG#9c54dc51-0685-11f1-a171-eeee0a8c759d.OPERATION#flowable-async-job-executor-thread-13017#
Step "Determine vcap services properties changed" finished#
#2026 02 10 13:37:49.107#Z#DEBUG#9c54dc51-0685-11f1-a171-eeee0a8c759d.OPERATION#flowable-async-job-executor-thread-13016#
[StageAppStep] Executing task "stageAppTask" of process "a6077739-0685-11f1-a171-eeee0a8c759d"...#
#2026 02 10 13:37:49.109#Z#DEBUG#9c54dc51-0685-11f1-a171-eeee0a8c759d.OPERATION#flowable-async-job-executor-thread-13016#
[StageAppStep] Application stage timeout is default one: 3,600 seconds#
#2026 02 10 13:37:49.110#Z#INFO#9c54dc51-0685-11f1-a171-eeee0a8c759d.OPERATION#flowable-async-job-executor-thread-13016#
[StageAppStep] Staging application "myApp-db-deployer"...#
#2026 02 10 13:37:49.118#Z#DEBUG#9c54dc51-0685-11f1-a171-eeee0a8c759d.OPERATION#flowable-async-job-executor-thread-13016#
[StageAppStep] Creating build for package "d1913738-07cb-4468-bea8-b186efc507f2"...#
#2026 02 10 13:37:49.372#Z#DEBUG#9c54dc51-0685-11f1-a171-eeee0a8c759d.OPERATION#flowable-async-job-executor-thread-13016#
Step "Stage App" finished#
#2026 02 10 13:37:49.120#Z#DEBUG#9c54dc51-0685-11f1-a171-eeee0a8c759d.OPERATION#flowable-async-job-executor-thread-13017#
[UploadAppStep] Executing task "uploadAppTask" of process "b0ae83dd-0685-11f1-a4dd-eeee0a8ee47e"...#
#2026 02 10 13:37:49.122#Z#DEBUG#9c54dc51-0685-11f1-a171-eeee0a8c759d.OPERATION#flowable-async-job-executor-thread-13017#
[UploadAppStep] Application upload timeout is default one: 3,600 seconds#
#2026 02 10 13:37:49.122#Z#INFO#9c54dc51-0685-11f1-a171-eeee0a8c759d.OPERATION#flowable-async-job-executor-thread-13017#
[UploadAppStep] Uploading application "myApp-srv"...#
#2026 02 10 13:37:49.130#Z#DEBUG#9c54dc51-0685-11f1-a171-eeee0a8c759d.OPERATION#flowable-async-job-executor-thread-13017#
[UploadAppStep] Getting application "myApp-srv"...#
#2026 02 10 13:37:49.171#Z#DEBUG#9c54dc51-0685-11f1-a171-eeee0a8c759d.OPERATION#flowable-async-job-executor-thread-13017#
[UploadAppStep] Getting environment of application "12e5d8b8-5d2c-4293-b171-bcc032152fdf"...#
#2026 02 10 13:37:49.216#Z#INFO#9c54dc51-0685-11f1-a171-eeee0a8c759d.OPERATION#flowable-async-job-executor-thread-13017#
[UploadAppStep] Calculating application digest: "myApp-srv"#
#2026 02 10 13:37:49.396#Z#DEBUG#9c54dc51-0685-11f1-a171-eeee0a8c759d.OPERATION#flowable-async-job-executor-thread-13017#
Step "Upload App" finished#
#2026 02 10 13:37:58.792#Z#DEBUG#9c54dc51-0685-11f1-a171-eeee0a8c759d.OPERATION#flowable-async-job-executor-thread-13019#
[StageAppStep] Executing task "stageAppTask" of process "a6077739-0685-11f1-a171-eeee0a8c759d"...#
#2026 02 10 13:37:58.793#Z#DEBUG#9c54dc51-0685-11f1-a171-eeee0a8c759d.OPERATION#flowable-async-job-executor-thread-13019#
[StageAppStep] Application stage timeout is default one: 3,600 seconds#
#2026 02 10 13:37:58.793#Z#DEBUG#9c54dc51-0685-11f1-a171-eeee0a8c759d.OPERATION#flowable-async-job-executor-thread-13019#
[StageAppStep] Checking status of application "myApp-db-deployer"...#
#2026 02 10 13:37:58.793#Z#DEBUG#9c54dc51-0685-11f1-a171-eeee0a8c759d.OPERATION#flowable-async-job-executor-thread-13019#
[StageAppStep] Getting build "53a7d394-d5c4-426a-b2fd-72f2b345bd13"...#
#2026 02 10 13:37:58.828#Z#DEBUG#9c54dc51-0685-11f1-a171-eeee0a8c759d.OPERATION#flowable-async-job-executor-thread-13019#
[StageAppStep] Staging status of application "myApp-db-deployer": PENDING#
#2026 02 10 13:37:58.830#Z#DEBUG#9c54dc51-0685-11f1-a171-eeee0a8c759d.OPERATION#flowable-async-job-executor-thread-13019#
[StageAppStep] Getting application guid "myApp-db-deployer"...#
#2026 02 10 13:37:58.926#Z#DEBUG#9c54dc51-0685-11f1-a171-eeee0a8c759d.OPERATION#flowable-async-job-executor-thread-13019#
Step "Stage App" finished#
#2026 02 10 13:37:58.787#Z#DEBUG#9c54dc51-0685-11f1-a171-eeee0a8c759d.OPERATION#flowable-async-job-executor-thread-5748#
[UploadAppStep] Executing task "uploadAppTask" of process "b0ae83dd-0685-11f1-a4dd-eeee0a8ee47e"...#
#2026 02 10 13:37:58.789#Z#DEBUG#9c54dc51-0685-11f1-a171-eeee0a8c759d.OPERATION#flowable-async-job-executor-thread-5748#
[UploadAppStep] Application upload timeout is default one: 3,600 seconds#
#2026 02 10 13:37:58.790#Z#DEBUG#9c54dc51-0685-11f1-a171-eeee0a8c759d.OPERATION#pool-20-thread-3#
[UploadAppStep] Upload of application: myApp-srv started on instance: 2#
#2026 02 10 13:37:58.790#Z#DEBUG#9c54dc51-0685-11f1-a171-eeee0a8c759d.OPERATION#pool-20-thread-3#
[UploadAppStep] Uploading file "myApp-srv/data.zip" for application "myApp-srv"#
#2026 02 10 13:37:58.945#Z#INFO#9c54dc51-0685-11f1-a171-eeee0a8c759d.OPERATION#pool-20-thread-3#
[UploadAppStep] Time elapsed for app binary download: 154 in millis#
#2026 02 10 13:37:58.945#Z#INFO#9c54dc51-0685-11f1-a171-eeee0a8c759d.OPERATION#pool-20-thread-3#
[UploadAppStep] Size of app myApp-srv is 3,623,864 bytes#
#2026 02 10 13:37:58.945#Z#DEBUG#9c54dc51-0685-11f1-a171-eeee0a8c759d.OPERATION#pool-20-thread-3#
[UploadAppStep] Asynchronously uploading binaries for application "myApp-srv"...#
#2026 02 10 13:37:59.207#Z#INFO#9c54dc51-0685-11f1-a171-eeee0a8c759d.OPERATION#pool-20-thread-3#
[UploadAppStep] Started async upload of application "myApp-srv"#
#2026 02 10 13:37:59.227#Z#INFO#9c54dc51-0685-11f1-a171-eeee0a8c759d.OPERATION#flowable-async-job-executor-thread-5748#
[UploadAppStep] Time elapsed for upload: 438 in millis#
#2026 02 10 13:37:59.228#Z#DEBUG#9c54dc51-0685-11f1-a171-eeee0a8c759d.OPERATION#flowable-async-job-executor-thread-5748#
[UploadAppStep] Getting application "myApp-srv"...#
#2026 02 10 13:37:59.240#Z#DEBUG#9c54dc51-0685-11f1-a171-eeee0a8c759d.OPERATION#App upload monitor: aacf990f-079f-4a5d-94a2-5be718f11dcc#
[UploadAppStep] Upload status: PROCESSING_UPLOAD#
#2026 02 10 13:37:59.261#Z#DEBUG#9c54dc51-0685-11f1-a171-eeee0a8c759d.OPERATION#flowable-async-job-executor-thread-5748#
[UploadAppStep] Getting environment of application "12e5d8b8-5d2c-4293-b171-bcc032152fdf"...#
#2026 02 10 13:37:59.311#Z#DEBUG#9c54dc51-0685-11f1-a171-eeee0a8c759d.OPERATION#flowable-async-job-executor-thread-5748#
[UploadAppStep] Updating environment of application "myApp-srv"#
#2026 02 10 13:37:59.406#Z#DEBUG#9c54dc51-0685-11f1-a171-eeee0a8c759d.OPERATION#flowable-async-job-executor-thread-5748#
Step "Upload App" finished#
#2026 02 10 13:38:04.270#Z#DEBUG#9c54dc51-0685-11f1-a171-eeee0a8c759d.OPERATION#App upload monitor: aacf990f-079f-4a5d-94a2-5be718f11dcc#
[UploadAppStep] Upload status: READY#
#2026 02 10 13:38:08.810#Z#DEBUG#9c54dc51-0685-11f1-a171-eeee0a8c759d.OPERATION#flowable-async-job-executor-thread-13023#
[UploadAppStep] Executing task "uploadAppTask" of process "b0ae83dd-0685-11f1-a4dd-eeee0a8ee47e"...#
#2026 02 10 13:38:08.811#Z#DEBUG#9c54dc51-0685-11f1-a171-eeee0a8c759d.OPERATION#flowable-async-job-executor-thread-13023#
[UploadAppStep] Application upload timeout is default one: 3,600 seconds#
#2026 02 10 13:38:08.811#Z#DEBUG#9c54dc51-0685-11f1-a171-eeee0a8c759d.OPERATION#flowable-async-job-executor-thread-13023#
[UploadAppStep] Checking upload status of application "myApp-srv"...#
#2026 02 10 13:38:08.811#Z#DEBUG#9c54dc51-0685-11f1-a171-eeee0a8c759d.OPERATION#flowable-async-job-executor-thread-13023#
[UploadAppStep] Getting package "aacf990f-079f-4a5d-94a2-5be718f11dcc"...#
#2026 02 10 13:38:08.836#Z#DEBUG#9c54dc51-0685-11f1-a171-eeee0a8c759d.OPERATION#flowable-async-job-executor-thread-13023#
[UploadAppStep] Application "myApp-srv" uploaded#
#2026 02 10 13:38:08.838#Z#DEBUG#9c54dc51-0685-11f1-a171-eeee0a8c759d.OPERATION#flowable-async-job-executor-thread-13023#
Step "Upload App" finished#
#2026 02 10 13:38:08.795#Z#DEBUG#9c54dc51-0685-11f1-a171-eeee0a8c759d.OPERATION#flowable-async-job-executor-thread-13022#
[StageAppStep] Executing task "stageAppTask" of process "a6077739-0685-11f1-a171-eeee0a8c759d"...#
#2026 02 10 13:38:08.796#Z#DEBUG#9c54dc51-0685-11f1-a171-eeee0a8c759d.OPERATION#flowable-async-job-executor-thread-13022#
[StageAppStep] Application stage timeout is default one: 3,600 seconds#
#2026 02 10 13:38:08.796#Z#DEBUG#9c54dc51-0685-11f1-a171-eeee0a8c759d.OPERATION#flowable-async-job-executor-thread-13022#
[StageAppStep] Checking status of application "myApp-db-deployer"...#
#2026 02 10 13:38:08.796#Z#DEBUG#9c54dc51-0685-11f1-a171-eeee0a8c759d.OPERATION#flowable-async-job-executor-thread-13022#
[StageAppStep] Getting build "53a7d394-d5c4-426a-b2fd-72f2b345bd13"...#
#2026 02 10 13:38:08.835#Z#DEBUG#9c54dc51-0685-11f1-a171-eeee0a8c759d.OPERATION#flowable-async-job-executor-thread-13022#
[StageAppStep] Staging status of application "myApp-db-deployer": PENDING#
#2026 02 10 13:38:08.837#Z#DEBUG#9c54dc51-0685-11f1-a171-eeee0a8c759d.OPERATION#flowable-async-job-executor-thread-13022#
[StageAppStep] Getting application guid "myApp-db-deployer"...#
#2026 02 10 13:38:08.932#Z#DEBUG#9c54dc51-0685-11f1-a171-eeee0a8c759d.OPERATION#flowable-async-job-executor-thread-13022#
Step "Stage App" finished#
#2026 02 10 13:38:08.884#Z#DEBUG#9c54dc51-0685-11f1-a171-eeee0a8c759d.OPERATION#flowable-async-job-executor-thread-13024#
[ScaleAppStep] Executing task "scaleAppTask" of process "b0ae83dd-0685-11f1-a4dd-eeee0a8ee47e"...#
#2026 02 10 13:38:08.886#Z#DEBUG#9c54dc51-0685-11f1-a171-eeee0a8c759d.OPERATION#flowable-async-job-executor-thread-13024#
[ScaleAppStep] Scaling application "myApp-srv"...#
#2026 02 10 13:38:08.886#Z#DEBUG#9c54dc51-0685-11f1-a171-eeee0a8c759d.OPERATION#flowable-async-job-executor-thread-13024#
[ScaleAppStep] Getting application guid "myApp-srv"...#
#2026 02 10 13:38:08.927#Z#DEBUG#9c54dc51-0685-11f1-a171-eeee0a8c759d.OPERATION#flowable-async-job-executor-thread-13024#
[ScaleAppStep] Getting process for application "12e5d8b8-5d2c-4293-b171-bcc032152fdf"...#
#2026 02 10 13:38:08.968#Z#DEBUG#9c54dc51-0685-11f1-a171-eeee0a8c759d.OPERATION#flowable-async-job-executor-thread-13024#
[ScaleAppStep] Application "myApp-srv" scaled#
#2026 02 10 13:38:08.968#Z#DEBUG#9c54dc51-0685-11f1-a171-eeee0a8c759d.OPERATION#flowable-async-job-executor-thread-13024#
Step "Scale App" finished#
#2026 02 10 13:38:09.004#Z#DEBUG#9c54dc51-0685-11f1-a171-eeee0a8c759d.OPERATION#flowable-async-job-executor-thread-13025#
[DetermineDesiredStateAchievingActionsStep] Executing task "determineDesiredStateAchievingActionsTask" of process "b0ae83dd-0685-11f1-a4dd-eeee0a8ee47e"...#
#2026 02 10 13:38:09.005#Z#DEBUG#9c54dc51-0685-11f1-a171-eeee0a8c759d.OPERATION#flowable-async-job-executor-thread-13025#
[DetermineDesiredStateAchievingActionsStep] Getting application "myApp-srv"...#
#2026 02 10 13:38:09.063#Z#DEBUG#9c54dc51-0685-11f1-a171-eeee0a8c759d.OPERATION#flowable-async-job-executor-thread-13025#
[DetermineDesiredStateAchievingActionsStep] Getting instances for application "myApp-srv"...#
#2026 02 10 13:38:09.148#Z#DEBUG#9c54dc51-0685-11f1-a171-eeee0a8c759d.OPERATION#flowable-async-job-executor-thread-13025#
[DetermineDesiredStateAchievingActionsStep] Getting environment of application "12e5d8b8-5d2c-4293-b171-bcc032152fdf"...#
#2026 02 10 13:38:09.233#Z#DEBUG#9c54dc51-0685-11f1-a171-eeee0a8c759d.OPERATION#flowable-async-job-executor-thread-13025#
[DetermineDesiredStateAchievingActionsStep] Current state of application myApp-srv: STARTED#
#2026 02 10 13:38:09.233#Z#DEBUG#9c54dc51-0685-11f1-a171-eeee0a8c759d.OPERATION#flowable-async-job-executor-thread-13025#
[DetermineDesiredStateAchievingActionsStep] Desired state of application myApp-srv: STARTED#
#2026 02 10 13:38:09.233#Z#DEBUG#9c54dc51-0685-11f1-a171-eeee0a8c759d.OPERATION#flowable-async-job-executor-thread-13025#
[DetermineDesiredStateAchievingActionsStep] Actions that should be executed on application myApp-srv: [STOP, STAGE, START]#
#2026 02 10 13:38:09.233#Z#DEBUG#9c54dc51-0685-11f1-a171-eeee0a8c759d.OPERATION#flowable-async-job-executor-thread-13025#
Step "Determine Desired State Achieving Actions" finished#
#2026 02 10 13:38:09.287#Z#DEBUG#9c54dc51-0685-11f1-a171-eeee0a8c759d.OPERATION#flowable-async-job-executor-thread-13026#
[StopAppStep] Executing task "stopAppTask" of process "b0ae83dd-0685-11f1-a4dd-eeee0a8ee47e"...#
#2026 02 10 13:38:09.290#Z#INFO#9c54dc51-0685-11f1-a171-eeee0a8c759d.OPERATION#flowable-async-job-executor-thread-13026#
[StopAppStep] Stopping application "myApp-srv"...#
#2026 02 10 13:38:09.301#Z#DEBUG#9c54dc51-0685-11f1-a171-eeee0a8c759d.OPERATION#flowable-async-job-executor-thread-13026#
[StopAppStep] Stopping application "myApp-srv"...#
#2026 02 10 13:38:09.497#Z#DEBUG#9c54dc51-0685-11f1-a171-eeee0a8c759d.OPERATION#flowable-async-job-executor-thread-13026#
[StopAppStep] Application "myApp-srv" stopped#
#2026 02 10 13:38:09.497#Z#DEBUG#9c54dc51-0685-11f1-a171-eeee0a8c759d.OPERATION#flowable-async-job-executor-thread-13026#
[StopAppStep] Getting environment of application "12e5d8b8-5d2c-4293-b171-bcc032152fdf"...#
#2026 02 10 13:38:09.535#Z#DEBUG#9c54dc51-0685-11f1-a171-eeee0a8c759d.OPERATION#flowable-async-job-executor-thread-13026#
Step "Stop App" finished#
#2026 02 10 13:38:09.591#Z#DEBUG#9c54dc51-0685-11f1-a171-eeee0a8c759d.OPERATION#flowable-async-job-executor-thread-13027#
[StageAppStep] Executing task "stageAppTask" of process "bceef5ed-0685-11f1-a4dd-eeee0a8ee47e"...#
#2026 02 10 13:38:09.592#Z#DEBUG#9c54dc51-0685-11f1-a171-eeee0a8c759d.OPERATION#flowable-async-job-executor-thread-13027#
[StageAppStep] Application stage timeout is default one: 3,600 seconds#
#2026 02 10 13:38:09.593#Z#INFO#9c54dc51-0685-11f1-a171-eeee0a8c759d.OPERATION#flowable-async-job-executor-thread-13027#
[StageAppStep] Staging application "myApp-srv"...#
#2026 02 10 13:38:09.602#Z#DEBUG#9c54dc51-0685-11f1-a171-eeee0a8c759d.OPERATION#flowable-async-job-executor-thread-13027#
[StageAppStep] Creating build for package "aacf990f-079f-4a5d-94a2-5be718f11dcc"...#
#2026 02 10 13:38:09.865#Z#DEBUG#9c54dc51-0685-11f1-a171-eeee0a8c759d.OPERATION#flowable-async-job-executor-thread-13027#
Step "Stage App" finished#
#2026 02 10 13:38:18.827#Z#DEBUG#9c54dc51-0685-11f1-a171-eeee0a8c759d.OPERATION#flowable-async-job-executor-thread-13030#
[StageAppStep] Executing task "stageAppTask" of process "a6077739-0685-11f1-a171-eeee0a8c759d"...#
#2026 02 10 13:38:18.829#Z#DEBUG#9c54dc51-0685-11f1-a171-eeee0a8c759d.OPERATION#flowable-async-job-executor-thread-13030#
[StageAppStep] Application stage timeout is default one: 3,600 seconds#
#2026 02 10 13:38:18.829#Z#DEBUG#9c54dc51-0685-11f1-a171-eeee0a8c759d.OPERATION#flowable-async-job-executor-thread-13030#
[StageAppStep] Checking status of application "myApp-db-deployer"...#
#2026 02 10 13:38:18.829#Z#DEBUG#9c54dc51-0685-11f1-a171-eeee0a8c759d.OPERATION#flowable-async-job-executor-thread-13030#
[StageAppStep] Getting build "53a7d394-d5c4-426a-b2fd-72f2b345bd13"...#
#2026 02 10 13:38:18.838#Z#DEBUG#9c54dc51-0685-11f1-a171-eeee0a8c759d.OPERATION#flowable-async-job-executor-thread-13031#
[StageAppStep] Executing task "stageAppTask" of process "bceef5ed-0685-11f1-a4dd-eeee0a8ee47e"...#
#2026 02 10 13:38:18.839#Z#DEBUG#9c54dc51-0685-11f1-a171-eeee0a8c759d.OPERATION#flowable-async-job-executor-thread-13031#
[StageAppStep] Application stage timeout is default one: 3,600 seconds#
#2026 02 10 13:38:18.839#Z#DEBUG#9c54dc51-0685-11f1-a171-eeee0a8c759d.OPERATION#flowable-async-job-executor-thread-13031#
[StageAppStep] Checking status of application "myApp-srv"...#
#2026 02 10 13:38:18.839#Z#DEBUG#9c54dc51-0685-11f1-a171-eeee0a8c759d.OPERATION#flowable-async-job-executor-thread-13031#
[StageAppStep] Getting build "e68d7cd4-1bfe-4da9-a10f-e1a80f3f533d"...#
#2026 02 10 13:38:18.871#Z#DEBUG#9c54dc51-0685-11f1-a171-eeee0a8c759d.OPERATION#flowable-async-job-executor-thread-13030#
[StageAppStep] Staging status of application "myApp-db-deployer": STAGED#
#2026 02 10 13:38:18.872#Z#DEBUG#9c54dc51-0685-11f1-a171-eeee0a8c759d.OPERATION#flowable-async-job-executor-thread-13030#
[StageAppStep] Getting application guid "myApp-db-deployer"...#
#2026 02 10 13:38:18.880#Z#DEBUG#9c54dc51-0685-11f1-a171-eeee0a8c759d.OPERATION#flowable-async-job-executor-thread-13031#
[StageAppStep] Staging status of application "myApp-srv": PENDING#
#2026 02 10 13:38:18.881#Z#DEBUG#9c54dc51-0685-11f1-a171-eeee0a8c759d.OPERATION#flowable-async-job-executor-thread-13031#
[StageAppStep] Getting application guid "myApp-srv"...#
#2026 02 10 13:38:18.970#Z#DEBUG#9c54dc51-0685-11f1-a171-eeee0a8c759d.OPERATION#flowable-async-job-executor-thread-13030#
[StageAppStep] Getting build "53a7d394-d5c4-426a-b2fd-72f2b345bd13"...#
#2026 02 10 13:38:18.987#Z#DEBUG#9c54dc51-0685-11f1-a171-eeee0a8c759d.OPERATION#flowable-async-job-executor-thread-13031#
Step "Stage App" finished#
#2026 02 10 13:38:19.011#Z#DEBUG#9c54dc51-0685-11f1-a171-eeee0a8c759d.OPERATION#flowable-async-job-executor-thread-13030#
[StageAppStep] Binding droplet "ca04a897-f7a4-41e3-80bd-0fff8feb9c36" to application "ce463262-9d5c-4a3c-bfdb-253d84578892"...#
#2026 02 10 13:38:19.079#Z#INFO#9c54dc51-0685-11f1-a171-eeee0a8c759d.OPERATION#flowable-async-job-executor-thread-13030#
[StageAppStep] Application "myApp-db-deployer" staged#
#2026 02 10 13:38:19.090#Z#DEBUG#9c54dc51-0685-11f1-a171-eeee0a8c759d.OPERATION#flowable-async-job-executor-thread-13030#
Step "Stage App" finished#
#2026 02 10 13:38:19.194#Z#DEBUG#9c54dc51-0685-11f1-a171-eeee0a8c759d.OPERATION#flowable-async-job-executor-thread-13033#
[PrepareToExecuteTasksStep] Executing task "prepareToExecuteTasksTask" of process "c2a8917a-0685-11f1-a4dd-eeee0a8ee47e"...#
#2026 02 10 13:38:19.196#Z#DEBUG#9c54dc51-0685-11f1-a171-eeee0a8c759d.OPERATION#flowable-async-job-executor-thread-13033#
Step "Prepare To Execute Tasks" finished#
#2026 02 10 13:38:19.248#Z#DEBUG#9c54dc51-0685-11f1-a171-eeee0a8c759d.OPERATION#flowable-async-job-executor-thread-13034#
[ExecuteTaskStep] Executing task "executeTaskTask" of process "c2a8917a-0685-11f1-a4dd-eeee0a8ee47e"...#
#2026 02 10 13:38:19.250#Z#DEBUG#9c54dc51-0685-11f1-a171-eeee0a8c759d.OPERATION#flowable-async-job-executor-thread-13034#
[ExecuteTaskStep] Application task execution timeout is default one: 43,200 seconds#
#2026 02 10 13:38:19.251#Z#INFO#9c54dc51-0685-11f1-a171-eeee0a8c759d.OPERATION#flowable-async-job-executor-thread-13034#
[ExecuteTaskStep] Executing task "deploy" on application "myApp-db-deployer"...#
#2026 02 10 13:38:19.260#Z#DEBUG#9c54dc51-0685-11f1-a171-eeee0a8c759d.OPERATION#flowable-async-job-executor-thread-13034#
[ExecuteTaskStep] Running task on application "myApp-db-deployer": {
  "name" : "deploy",
  "command" : "npm start",
  "limits" : {
    "memory" : 256
  }
}#
#2026 02 10 13:38:19.550#Z#DEBUG#9c54dc51-0685-11f1-a171-eeee0a8c759d.OPERATION#flowable-async-job-executor-thread-13034#
Step "Execute Task" finished#
#2026 02 10 13:38:28.851#Z#DEBUG#9c54dc51-0685-11f1-a171-eeee0a8c759d.OPERATION#flowable-async-job-executor-thread-13037#
[StageAppStep] Executing task "stageAppTask" of process "bceef5ed-0685-11f1-a4dd-eeee0a8ee47e"...#
#2026 02 10 13:38:28.852#Z#DEBUG#9c54dc51-0685-11f1-a171-eeee0a8c759d.OPERATION#flowable-async-job-executor-thread-13037#
[StageAppStep] Application stage timeout is default one: 3,600 seconds#
#2026 02 10 13:38:28.852#Z#DEBUG#9c54dc51-0685-11f1-a171-eeee0a8c759d.OPERATION#flowable-async-job-executor-thread-13037#
[StageAppStep] Checking status of application "myApp-srv"...#
#2026 02 10 13:38:28.852#Z#DEBUG#9c54dc51-0685-11f1-a171-eeee0a8c759d.OPERATION#flowable-async-job-executor-thread-13037#
[StageAppStep] Getting build "e68d7cd4-1bfe-4da9-a10f-e1a80f3f533d"...#
#2026 02 10 13:38:28.896#Z#DEBUG#9c54dc51-0685-11f1-a171-eeee0a8c759d.OPERATION#flowable-async-job-executor-thread-13037#
[StageAppStep] Staging status of application "myApp-srv": PENDING#
#2026 02 10 13:38:28.897#Z#DEBUG#9c54dc51-0685-11f1-a171-eeee0a8c759d.OPERATION#flowable-async-job-executor-thread-13037#
[StageAppStep] Getting application guid "myApp-srv"...#
#2026 02 10 13:38:28.999#Z#DEBUG#9c54dc51-0685-11f1-a171-eeee0a8c759d.OPERATION#flowable-async-job-executor-thread-13037#
Step "Stage App" finished#
#2026 02 10 13:38:28.859#Z#DEBUG#9c54dc51-0685-11f1-a171-eeee0a8c759d.OPERATION#flowable-async-job-executor-thread-13038#
[ExecuteTaskStep] Executing task "executeTaskTask" of process "c2a8917a-0685-11f1-a4dd-eeee0a8ee47e"...#
#2026 02 10 13:38:28.860#Z#DEBUG#9c54dc51-0685-11f1-a171-eeee0a8c759d.OPERATION#flowable-async-job-executor-thread-13038#
[ExecuteTaskStep] Application task execution timeout is default one: 43,200 seconds#
#2026 02 10 13:38:28.862#Z#DEBUG#9c54dc51-0685-11f1-a171-eeee0a8c759d.OPERATION#flowable-async-job-executor-thread-13038#
[ExecuteTaskStep] Getting task "c6ac2c10-c5d4-4ade-aa5a-cb768135df69"...#
#2026 02 10 13:38:28.901#Z#DEBUG#9c54dc51-0685-11f1-a171-eeee0a8c759d.OPERATION#flowable-async-job-executor-thread-13038#
[ExecuteTaskStep] Task execution status: failed#
#2026 02 10 13:38:28.902#Z#DEBUG#9c54dc51-0685-11f1-a171-eeee0a8c759d.OPERATION#flowable-async-job-executor-thread-13038#
[ExecuteTaskStep] Getting application guid "myApp-db-deployer"...#
#2026 02 10 13:38:29.028#Z#ERROR#9c54dc51-0685-11f1-a171-eeee0a8c759d.OPERATION#flowable-async-job-executor-thread-13038#
[ExecuteTaskStep] Execution of task "deploy" on application "myApp-db-deployer" failed.
Download the application logs via the dmol command and check them for more information.#
#2026 02 10 13:38:29.038#Z#ERROR#9c54dc51-0685-11f1-a171-eeee0a8c759d.OPERATION#flowable-async-job-executor-thread-13038#
Exception caught#
org.cloudfoundry.multiapps.common.SLException: A step of the process has failed. Retrying it may solve the issue.
	at org.cloudfoundry.multiapps.controller.process.steps.SyncFlowableStep.executeInternal(SyncFlowableStep.java:76)
	at org.cloudfoundry.multiapps.controller.process.steps.SyncFlowableStep.lambda$execute$0(SyncFlowableStep.java:64)
	at org.cloudfoundry.multiapps.controller.core.util.LoggingUtil.logWithCorrelationId(LoggingUtil.java:14)
	at org.cloudfoundry.multiapps.controller.process.steps.SyncFlowableStep.execute(SyncFlowableStep.java:64)
	at org.flowable.engine.impl.delegate.invocation.JavaDelegateInvocation.invoke(JavaDelegateInvocation.java:35)
	at org.flowable.engine.impl.delegate.invocation.DelegateInvocation.proceed(DelegateInvocation.java:32)
	at org.flowable.engine.impl.delegate.invocation.DefaultDelegateInterceptor.handleInvocation(DefaultDelegateInterceptor.java:26)
	at org.flowable.engine.impl.bpmn.behavior.ServiceTaskDelegateExpressionActivityBehavior.execute(ServiceTaskDelegateExpressionActivityBehavior.java:177)
	at org.flowable.engine.impl.agenda.ContinueProcessOperation.executeActivityBehavior(ContinueProcessOperation.java:298)
	at org.flowable.engine.impl.agenda.ContinueProcessOperation.executeSynchronous(ContinueProcessOperation.java:175)
	at org.flowable.engine.impl.agenda.ContinueProcessOperation.continueThroughFlowNode(ContinueProcessOperation.java:125)
	at org.flowable.engine.impl.agenda.ContinueProcessOperation.run(ContinueProcessOperation.java:88)
	at org.flowable.common.engine.impl.AbstractEngineConfiguration.lambda$new$0(AbstractEngineConfiguration.java:198)
	at org.flowable.engine.impl.interceptor.CommandInvoker.executeOperation(CommandInvoker.java:189)
	at org.flowable.engine.impl.interceptor.CommandInvoker.executeOperations(CommandInvoker.java:128)
	at org.flowable.engine.impl.interceptor.CommandInvoker.execute(CommandInvoker.java:80)
	at org.flowable.engine.impl.interceptor.BpmnOverrideContextInterceptor.execute(BpmnOverrideContextInterceptor.java:26)
	at org.flowable.common.engine.impl.interceptor.TransactionContextInterceptor.execute(TransactionContextInterceptor.java:53)
	at org.flowable.common.engine.impl.interceptor.CommandContextInterceptor.execute(CommandContextInterceptor.java:105)
	at org.flowable.common.spring.SpringTransactionInterceptor.lambda$execute$0(SpringTransactionInterceptor.java:57)
	at org.springframework.transaction.support.TransactionTemplate.execute(TransactionTemplate.java:140)
	at org.flowable.common.spring.SpringTransactionInterceptor.execute(SpringTransactionInterceptor.java:57)
	at org.flowable.common.engine.impl.interceptor.LogInterceptor.execute(LogInterceptor.java:30)
	at org.flowable.common.engine.impl.cfg.CommandExecutorImpl.execute(CommandExecutorImpl.java:56)
	at org.flowable.common.engine.impl.cfg.CommandExecutorImpl.execute(CommandExecutorImpl.java:51)
	at org.flowable.job.service.impl.asyncexecutor.ExecuteAsyncRunnable.handleTransactionalJob(ExecuteAsyncRunnable.java:177)
	at org.flowable.job.service.impl.asyncexecutor.ExecuteAsyncRunnable.executeJob(ExecuteAsyncRunnable.java:146)
	at org.flowable.job.service.impl.asyncexecutor.ExecuteAsyncRunnable.runInternally(ExecuteAsyncRunnable.java:122)
	at org.flowable.job.service.impl.asyncexecutor.ExecuteAsyncRunnable.run(ExecuteAsyncRunnable.java:96)
	at java.base/java.util.concurrent.ThreadPoolExecutor.runWorker(ThreadPoolExecutor.java:1136)
	at java.base/java.util.concurrent.ThreadPoolExecutor$Worker.run(ThreadPoolExecutor.java:635)
	at java.base/java.lang.Thread.run(Thread.java:840)
#2026 02 10 13:38:29.050#Z#DEBUG#9c54dc51-0685-11f1-a171-eeee0a8c759d.OPERATION#flowable-async-job-executor-thread-13038#
Step "Execute Task" finished#
#2026 02 10 13:38:38.909#Z#DEBUG#9c54dc51-0685-11f1-a171-eeee0a8c759d.OPERATION#flowable-async-job-executor-thread-13040#
[StageAppStep] Executing task "stageAppTask" of process "bceef5ed-0685-11f1-a4dd-eeee0a8ee47e"...#
#2026 02 10 13:38:38.910#Z#DEBUG#9c54dc51-0685-11f1-a171-eeee0a8c759d.OPERATION#flowable-async-job-executor-thread-13040#
[StageAppStep] Application stage timeout is default one: 3,600 seconds#
#2026 02 10 13:38:38.995#Z#DEBUG#9c54dc51-0685-11f1-a171-eeee0a8c759d.OPERATION#flowable-async-job-executor-thread-13040#
[StageAppStep] Checking status of application "myApp-srv"...#
#2026 02 10 13:38:38.995#Z#DEBUG#9c54dc51-0685-11f1-a171-eeee0a8c759d.OPERATION#flowable-async-job-executor-thread-13040#
[StageAppStep] Getting build "e68d7cd4-1bfe-4da9-a10f-e1a80f3f533d"...#
#2026 02 10 13:38:39.042#Z#DEBUG#9c54dc51-0685-11f1-a171-eeee0a8c759d.OPERATION#flowable-async-job-executor-thread-13040#
[StageAppStep] Staging status of application "myApp-srv": STAGED#
#2026 02 10 13:38:39.043#Z#DEBUG#9c54dc51-0685-11f1-a171-eeee0a8c759d.OPERATION#flowable-async-job-executor-thread-13040#
[StageAppStep] Getting application guid "myApp-srv"...#
#2026 02 10 13:38:39.171#Z#DEBUG#9c54dc51-0685-11f1-a171-eeee0a8c759d.OPERATION#flowable-async-job-executor-thread-13040#
[StageAppStep] Getting build "e68d7cd4-1bfe-4da9-a10f-e1a80f3f533d"...#
#2026 02 10 13:38:39.213#Z#DEBUG#9c54dc51-0685-11f1-a171-eeee0a8c759d.OPERATION#flowable-async-job-executor-thread-13040#
[StageAppStep] Binding droplet "17f85dbc-9a9a-410a-b818-2b26f3484316" to application "12e5d8b8-5d2c-4293-b171-bcc032152fdf"...#
#2026 02 10 13:38:39.284#Z#INFO#9c54dc51-0685-11f1-a171-eeee0a8c759d.OPERATION#flowable-async-job-executor-thread-13040#
[StageAppStep] Application "myApp-srv" staged#
#2026 02 10 13:38:39.295#Z#DEBUG#9c54dc51-0685-11f1-a171-eeee0a8c759d.OPERATION#flowable-async-job-executor-thread-13040#
Step "Stage App" finished#
#2026 02 10 13:38:39.359#Z#DEBUG#9c54dc51-0685-11f1-a171-eeee0a8c759d.OPERATION#flowable-async-job-executor-thread-13041#
[RestartAppStep] Executing task "startAppTask" of process "bceef5ed-0685-11f1-a4dd-eeee0a8ee47e"...#
#2026 02 10 13:38:39.362#Z#DEBUG#9c54dc51-0685-11f1-a171-eeee0a8c759d.OPERATION#flowable-async-job-executor-thread-13041#
[RestartAppStep] Application start timeout is default one: 3,600 seconds#
#2026 02 10 13:38:39.368#Z#DEBUG#9c54dc51-0685-11f1-a171-eeee0a8c759d.OPERATION#flowable-async-job-executor-thread-13041#
[RestartAppStep] Getting application "myApp-srv"...#
#2026 02 10 13:38:39.412#Z#INFO#9c54dc51-0685-11f1-a171-eeee0a8c759d.OPERATION#flowable-async-job-executor-thread-13041#
[RestartAppStep] Starting application "myApp-srv"...#
#2026 02 10 13:38:39.424#Z#DEBUG#9c54dc51-0685-11f1-a171-eeee0a8c759d.OPERATION#flowable-async-job-executor-thread-13041#
[RestartAppStep] Starting application "myApp-srv"...#
#2026 02 10 13:38:39.781#Z#DEBUG#9c54dc51-0685-11f1-a171-eeee0a8c759d.OPERATION#flowable-async-job-executor-thread-13041#
Step "Start App" finished#
#2026 02 10 13:38:48.933#Z#DEBUG#9c54dc51-0685-11f1-a171-eeee0a8c759d.OPERATION#flowable-async-job-executor-thread-3262#
[RestartAppStep] Executing task "startAppTask" of process "cef648d9-0685-11f1-a4dd-eeee0a8ee47e"...#
#2026 02 10 13:38:48.938#Z#DEBUG#9c54dc51-0685-11f1-a171-eeee0a8c759d.OPERATION#flowable-async-job-executor-thread-3262#
[RestartAppStep] Application start timeout is default one: 3,600 seconds#
#2026 02 10 13:38:49.038#Z#DEBUG#9c54dc51-0685-11f1-a171-eeee0a8c759d.OPERATION#flowable-async-job-executor-thread-3262#
[RestartAppStep] Checking status of application "myApp-srv"...#
#2026 02 10 13:38:49.038#Z#DEBUG#9c54dc51-0685-11f1-a171-eeee0a8c759d.OPERATION#flowable-async-job-executor-thread-3262#
[RestartAppStep] Getting application "myApp-srv"...#
#2026 02 10 13:38:49.103#Z#DEBUG#9c54dc51-0685-11f1-a171-eeee0a8c759d.OPERATION#flowable-async-job-executor-thread-3262#
[RestartAppStep] Getting instances for application "myApp-srv"...#
#2026 02 10 13:38:49.178#Z#DEBUG#9c54dc51-0685-11f1-a171-eeee0a8c759d.OPERATION#flowable-async-job-executor-thread-3262#
[RestartAppStep] Application "myApp-srv": 1 of 1 instances running (1 running)#
#2026 02 10 13:38:49.310#Z#DEBUG#9c54dc51-0685-11f1-a171-eeee0a8c759d.OPERATION#flowable-async-job-executor-thread-3262#
[RestartAppStep] Getting routes for application "12e5d8b8-5d2c-4293-b171-bcc032152fdf"...#
#2026 02 10 13:38:49.356#Z#INFO#9c54dc51-0685-11f1-a171-eeee0a8c759d.OPERATION#flowable-async-job-executor-thread-3262#
[RestartAppStep] Application "myApp-srv" started and available at "48c15575trial-dev-myapp-srv.cfapps.ap21.hana.ondemand.com"#
#2026 02 10 13:38:49.372#Z#DEBUG#9c54dc51-0685-11f1-a171-eeee0a8c759d.OPERATION#flowable-async-job-executor-thread-3262#
Step "Start App" finished#
#2026 02 10 13:38:58.932#Z#DEBUG#9c54dc51-0685-11f1-a171-eeee0a8c759d.OPERATION#flowable-async-job-executor-thread-13043#
[RestartAppStep] Executing task "startAppTask" of process "d4ae370c-0685-11f1-95ea-eeee0a9c2887"...#
#2026 02 10 13:38:58.935#Z#DEBUG#9c54dc51-0685-11f1-a171-eeee0a8c759d.OPERATION#flowable-async-job-executor-thread-13043#
[RestartAppStep] Application start timeout is default one: 3,600 seconds#
#2026 02 10 13:38:58.936#Z#DEBUG#9c54dc51-0685-11f1-a171-eeee0a8c759d.OPERATION#flowable-async-job-executor-thread-13043#
Step "Start App" finished#
#2026 02 10 13:38:59.036#Z#DEBUG#9c54dc51-0685-11f1-a171-eeee0a8c759d.OPERATION#flowable-async-job-executor-thread-13045#
[PrepareToExecuteTasksStep] Executing task "prepareToExecuteTasksTask" of process "da684720-0685-11f1-a4dd-eeee0a8ee47e"...#
#2026 02 10 13:38:59.038#Z#DEBUG#9c54dc51-0685-11f1-a171-eeee0a8c759d.OPERATION#flowable-async-job-executor-thread-13045#
Step "Prepare To Execute Tasks" finished#
#2026 02 10 13:38:59.114#Z#DEBUG#9c54dc51-0685-11f1-a171-eeee0a8c759d.OPERATION#flowable-async-job-executor-thread-13046#
[PublishConfigurationEntriesStep] Executing task "publishProvidedDependenciesTask" of process "da60f406-0685-11f1-a4dd-eeee0a8ee47e"...#
#2026 02 10 13:38:59.115#Z#DEBUG#9c54dc51-0685-11f1-a171-eeee0a8c759d.OPERATION#flowable-async-job-executor-thread-13046#
[PublishConfigurationEntriesStep] Publishing public provided dependencies for application "myApp-srv"...#
#2026 02 10 13:38:59.116#Z#DEBUG#9c54dc51-0685-11f1-a171-eeee0a8c759d.OPERATION#flowable-async-job-executor-thread-13046#
[PublishConfigurationEntriesStep] No public provided dependencies for publishing#
#2026 02 10 13:38:59.116#Z#DEBUG#9c54dc51-0685-11f1-a171-eeee0a8c759d.OPERATION#flowable-async-job-executor-thread-13046#
Step "Publish Provided Dependencies" finished#
#2026 02 10 13:38:59.163#Z#DEBUG#9c54dc51-0685-11f1-a171-eeee0a8c759d.OPERATION#flowable-async-job-executor-thread-13047#
[CreateOrUpdateServiceBrokerStep] Executing task "createOrUpdateServiceBrokerTask" of process "da60f406-0685-11f1-a4dd-eeee0a8ee47e"...#
#2026 02 10 13:38:59.169#Z#DEBUG#9c54dc51-0685-11f1-a171-eeee0a8c759d.OPERATION#flowable-async-job-executor-thread-13047#
[CreateOrUpdateServiceBrokerStep] Creating service brokers...#
#2026 02 10 13:38:59.169#Z#DEBUG#9c54dc51-0685-11f1-a171-eeee0a8c759d.OPERATION#flowable-async-job-executor-thread-13047#
Step "Create Or Update Service Broker " finished#
